Name,Image-path,Result,Pattern list
C:/users/thoma/documents/thesis_new/thesis/data acqusition/screenshots_fortune_america/3m,C:/Users/thoma/Documents/Thesis_new/Thesis/Data acqusition/Screenshots_Fortune_america/3m.png,False,[]
C:/users/thoma/documents/thesis_new/thesis/data acqusition/screenshots_fortune_america/53,C:/Users/thoma/Documents/Thesis_new/Thesis/Data acqusition/Screenshots_Fortune_america/53.png,False,[]
C:/users/thoma/documents/thesis_new/thesis/data acqusition/screenshots_fortune_america/aa,C:/Users/thoma/Documents/Thesis_new/Thesis/Data acqusition/Screenshots_Fortune_america/aa.png,False,[]
C:/users/thoma/documents/thesis_new/thesis/data acqusition/screenshots_fortune_america/abbott,C:/Users/thoma/Documents/Thesis_new/Thesis/Data acqusition/Screenshots_Fortune_america/abbott.png,True,[]
C:/users/thoma/documents/thesis_new/thesis/data acqusition/screenshots_fortune_america/abbvie,C:/Users/thoma/Documents/Thesis_new/Thesis/Data acqusition/Screenshots_Fortune_america/abbvie.png,False,[]
C:/users/thoma/documents/thesis_new/thesis/data acqusition/screenshots_fortune_america/abm,C:/Users/thoma/Documents/Thesis_new/Thesis/Data acqusition/Screenshots_Fortune_america/abm.png,True,['Sneaking']
C:/users/thoma/documents/thesis_new/thesis/data acqusition/screenshots_fortune_america/aboutcoupang,C:/Users/thoma/Documents/Thesis_new/Thesis/Data acqusition/Screenshots_Fortune_america/aboutcoupang.png,False,[]
C:/users/thoma/documents/thesis_new/thesis/data acqusition/screenshots_fortune_america/activisionblizzard,C:/Users/thoma/Documents/Thesis_new/Thesis/Data acqusition/Screenshots_Fortune_america/activisionblizzard.png,True,['Interference']
C:/users/thoma/documents/thesis_new/thesis/data acqusition/screenshots_fortune_america/adm,C:/Users/thoma/Documents/Thesis_new/Thesis/Data acqusition/Screenshots_Fortune_america/adm.png,True,[]
C:/users/thoma/documents/thesis_new/thesis/data acqusition/screenshots_fortune_america/adobe,C:/Users/thoma/Documents/Thesis_new/Thesis/Data acqusition/Screenshots_Fortune_america/adobe.png,False,[]
C:/users/thoma/documents/thesis_new/thesis/data acqusition/screenshots_fortune_america/adp,C:/Users/thoma/Documents/Thesis_new/Thesis/Data acqusition/Screenshots_Fortune_america/adp.png,False,[]
C:/users/thoma/documents/thesis_new/thesis/data acqusition/screenshots_fortune_america/advanceautoparts,C:/Users/thoma/Documents/Thesis_new/Thesis/Data acqusition/Screenshots_Fortune_america/advanceautoparts.png,False,[]
C:/users/thoma/documents/thesis_new/thesis/data acqusition/screenshots_fortune_america/aes,C:/Users/thoma/Documents/Thesis_new/Thesis/Data acqusition/Screenshots_Fortune_america/aes.png,True,['Interference']
C:/users/thoma/documents/thesis_new/thesis/data acqusition/screenshots_fortune_america/aflac,C:/Users/thoma/Documents/Thesis_new/Thesis/Data acqusition/Screenshots_Fortune_america/aflac.png,False,[]
C:/users/thoma/documents/thesis_new/thesis/data acqusition/screenshots_fortune_america/agcocorp,C:/Users/thoma/Documents/Thesis_new/Thesis/Data acqusition/Screenshots_Fortune_america/agcocorp.png,True,['Sneaking']
C:/users/thoma/documents/thesis_new/thesis/data acqusition/screenshots_fortune_america/aig,C:/Users/thoma/Documents/Thesis_new/Thesis/Data acqusition/Screenshots_Fortune_america/aig.png,False,[]
C:/users/thoma/documents/thesis_new/thesis/data acqusition/screenshots_fortune_america/airbnb,C:/Users/thoma/Documents/Thesis_new/Thesis/Data acqusition/Screenshots_Fortune_america/airbnb.png,False,[]
C:/users/thoma/documents/thesis_new/thesis/data acqusition/screenshots_fortune_america/airproducts,C:/Users/thoma/Documents/Thesis_new/Thesis/Data acqusition/Screenshots_Fortune_america/airproducts.png,True,['Sneaking']
C:/users/thoma/documents/thesis_new/thesis/data acqusition/screenshots_fortune_america/ajg,C:/Users/thoma/Documents/Thesis_new/Thesis/Data acqusition/Screenshots_Fortune_america/ajg.png,True,['Interference']
C:/users/thoma/documents/thesis_new/thesis/data acqusition/screenshots_fortune_america/alaskaair,C:/Users/thoma/Documents/Thesis_new/Thesis/Data acqusition/Screenshots_Fortune_america/alaskaair.png,False,[]
C:/users/thoma/documents/thesis_new/thesis/data acqusition/screenshots_fortune_america/albemarle,C:/Users/thoma/Documents/Thesis_new/Thesis/Data acqusition/Screenshots_Fortune_america/albemarle.png,False,[]
C:/users/thoma/documents/thesis_new/thesis/data acqusition/screenshots_fortune_america/albertsons,C:/Users/thoma/Documents/Thesis_new/Thesis/Data acqusition/Screenshots_Fortune_america/albertsons.png,False,[]
C:/users/thoma/documents/thesis_new/thesis/data acqusition/screenshots_fortune_america/alcoa,C:/Users/thoma/Documents/Thesis_new/Thesis/Data acqusition/Screenshots_Fortune_america/alcoa.png,True,[]
C:/users/thoma/documents/thesis_new/thesis/data acqusition/screenshots_fortune_america/allstate,C:/Users/thoma/Documents/Thesis_new/Thesis/Data acqusition/Screenshots_Fortune_america/allstate.png,False,[]
C:/users/thoma/documents/thesis_new/thesis/data acqusition/screenshots_fortune_america/ally,C:/Users/thoma/Documents/Thesis_new/Thesis/Data acqusition/Screenshots_Fortune_america/ally.png,False,[]
C:/users/thoma/documents/thesis_new/thesis/data acqusition/screenshots_fortune_america/alticeusa,C:/Users/thoma/Documents/Thesis_new/Thesis/Data acqusition/Screenshots_Fortune_america/alticeusa.png,False,[]
C:/users/thoma/documents/thesis_new/thesis/data acqusition/screenshots_fortune_america/altria,C:/Users/thoma/Documents/Thesis_new/Thesis/Data acqusition/Screenshots_Fortune_america/altria.png,False,[]
C:/users/thoma/documents/thesis_new/thesis/data acqusition/screenshots_fortune_america/amazon,C:/Users/thoma/Documents/Thesis_new/Thesis/Data acqusition/Screenshots_Fortune_america/amazon.png,False,[]
C:/users/thoma/documents/thesis_new/thesis/data acqusition/screenshots_fortune_america/amd,C:/Users/thoma/Documents/Thesis_new/Thesis/Data acqusition/Screenshots_Fortune_america/amd.png,False,[]
C:/users/thoma/documents/thesis_new/thesis/data acqusition/screenshots_fortune_america/ameren,C:/Users/thoma/Documents/Thesis_new/Thesis/Data acqusition/Screenshots_Fortune_america/ameren.png,False,[]
C:/users/thoma/documents/thesis_new/thesis/data acqusition/screenshots_fortune_america/americanexpress,C:/Users/thoma/Documents/Thesis_new/Thesis/Data acqusition/Screenshots_Fortune_america/americanexpress.png,False,[]
C:/users/thoma/documents/thesis_new/thesis/data acqusition/screenshots_fortune_america/americantower,C:/Users/thoma/Documents/Thesis_new/Thesis/Data acqusition/Screenshots_Fortune_america/americantower.png,True,[]
C:/users/thoma/documents/thesis_new/thesis/data acqusition/screenshots_fortune_america/ameriprise,C:/Users/thoma/Documents/Thesis_new/Thesis/Data acqusition/Screenshots_Fortune_america/ameriprise.png,False,[]
C:/users/thoma/documents/thesis_new/thesis/data acqusition/screenshots_fortune_america/amerisourcebergen,C:/Users/thoma/Documents/Thesis_new/Thesis/Data acqusition/Screenshots_Fortune_america/amerisourcebergen.png,True,['Interference']
C:/users/thoma/documents/thesis_new/thesis/data acqusition/screenshots_fortune_america/amfam,C:/Users/thoma/Documents/Thesis_new/Thesis/Data acqusition/Screenshots_Fortune_america/amfam.png,False,[]
C:/users/thoma/documents/thesis_new/thesis/data acqusition/screenshots_fortune_america/amgen,C:/Users/thoma/Documents/Thesis_new/Thesis/Data acqusition/Screenshots_Fortune_america/amgen.png,True,[]
C:/users/thoma/documents/thesis_new/thesis/data acqusition/screenshots_fortune_america/analog,C:/Users/thoma/Documents/Thesis_new/Thesis/Data acqusition/Screenshots_Fortune_america/analog.png,True,"['Interference', 'Sneaking']"
C:/users/thoma/documents/thesis_new/thesis/data acqusition/screenshots_fortune_america/andersonsinc,C:/Users/thoma/Documents/Thesis_new/Thesis/Data acqusition/Screenshots_Fortune_america/andersonsinc.png,False,[]
C:/users/thoma/documents/thesis_new/thesis/data acqusition/screenshots_fortune_america/apa,C:/Users/thoma/Documents/Thesis_new/Thesis/Data acqusition/Screenshots_Fortune_america/apa.png,False,[]
C:/users/thoma/documents/thesis_new/thesis/data acqusition/screenshots_fortune_america/apollo,C:/Users/thoma/Documents/Thesis_new/Thesis/Data acqusition/Screenshots_Fortune_america/apollo.png,False,[]
C:/users/thoma/documents/thesis_new/thesis/data acqusition/screenshots_fortune_america/apple,C:/Users/thoma/Documents/Thesis_new/Thesis/Data acqusition/Screenshots_Fortune_america/apple.png,False,[]
C:/users/thoma/documents/thesis_new/thesis/data acqusition/screenshots_fortune_america/appliedmaterials,C:/Users/thoma/Documents/Thesis_new/Thesis/Data acqusition/Screenshots_Fortune_america/appliedmaterials.png,True,[]
C:/users/thoma/documents/thesis_new/thesis/data acqusition/screenshots_fortune_america/aramark,C:/Users/thoma/Documents/Thesis_new/Thesis/Data acqusition/Screenshots_Fortune_america/aramark.png,False,[]
C:/users/thoma/documents/thesis_new/thesis/data acqusition/screenshots_fortune_america/arconic,C:/Users/thoma/Documents/Thesis_new/Thesis/Data acqusition/Screenshots_Fortune_america/arconic.png,False,[]
C:/users/thoma/documents/thesis_new/thesis/data acqusition/screenshots_fortune_america/arkocorp,C:/Users/thoma/Documents/Thesis_new/Thesis/Data acqusition/Screenshots_Fortune_america/arkocorp.png,False,[]
C:/users/thoma/documents/thesis_new/thesis/data acqusition/screenshots_fortune_america/arrow,C:/Users/thoma/Documents/Thesis_new/Thesis/Data acqusition/Screenshots_Fortune_america/arrow.png,False,[]
C:/users/thoma/documents/thesis_new/thesis/data acqusition/screenshots_fortune_america/asburyauto,C:/Users/thoma/Documents/Thesis_new/Thesis/Data acqusition/Screenshots_Fortune_america/asburyauto.png,False,[]
C:/users/thoma/documents/thesis_new/thesis/data acqusition/screenshots_fortune_america/assurant,C:/Users/thoma/Documents/Thesis_new/Thesis/Data acqusition/Screenshots_Fortune_america/assurant.png,True,['Unknown']
C:/users/thoma/documents/thesis_new/thesis/data acqusition/screenshots_fortune_america/att,C:/Users/thoma/Documents/Thesis_new/Thesis/Data acqusition/Screenshots_Fortune_america/att.png,False,[]
C:/users/thoma/documents/thesis_new/thesis/data acqusition/screenshots_fortune_america/autoliv,C:/Users/thoma/Documents/Thesis_new/Thesis/Data acqusition/Screenshots_Fortune_america/autoliv.png,False,[]
C:/users/thoma/documents/thesis_new/thesis/data acqusition/screenshots_fortune_america/autonation,C:/Users/thoma/Documents/Thesis_new/Thesis/Data acqusition/Screenshots_Fortune_america/autonation.png,False,[]
C:/users/thoma/documents/thesis_new/thesis/data acqusition/screenshots_fortune_america/autozone,C:/Users/thoma/Documents/Thesis_new/Thesis/Data acqusition/Screenshots_Fortune_america/autozone.png,False,[]
C:/users/thoma/documents/thesis_new/thesis/data acqusition/screenshots_fortune_america/avantorsciences,C:/Users/thoma/Documents/Thesis_new/Thesis/Data acqusition/Screenshots_Fortune_america/avantorsciences.png,False,[]
C:/users/thoma/documents/thesis_new/thesis/data acqusition/screenshots_fortune_america/averydennison,C:/Users/thoma/Documents/Thesis_new/Thesis/Data acqusition/Screenshots_Fortune_america/averydennison.png,True,['Sneaking']
C:/users/thoma/documents/thesis_new/thesis/data acqusition/screenshots_fortune_america/avnet,C:/Users/thoma/Documents/Thesis_new/Thesis/Data acqusition/Screenshots_Fortune_america/avnet.png,False,[]
C:/users/thoma/documents/thesis_new/thesis/data acqusition/screenshots_fortune_america/bakerhughes,C:/Users/thoma/Documents/Thesis_new/Thesis/Data acqusition/Screenshots_Fortune_america/bakerhughes.png,True,['Sneaking']
C:/users/thoma/documents/thesis_new/thesis/data acqusition/screenshots_fortune_america/ball,C:/Users/thoma/Documents/Thesis_new/Thesis/Data acqusition/Screenshots_Fortune_america/ball.png,False,[]
C:/users/thoma/documents/thesis_new/thesis/data acqusition/screenshots_fortune_america/bankofamerica,C:/Users/thoma/Documents/Thesis_new/Thesis/Data acqusition/Screenshots_Fortune_america/bankofamerica.png,False,[]
C:/users/thoma/documents/thesis_new/thesis/data acqusition/screenshots_fortune_america/bathandbodyworks,C:/Users/thoma/Documents/Thesis_new/Thesis/Data acqusition/Screenshots_Fortune_america/bathandbodyworks.png,True,['Unknown']
C:/users/thoma/documents/thesis_new/thesis/data acqusition/screenshots_fortune_america/baxter,C:/Users/thoma/Documents/Thesis_new/Thesis/Data acqusition/Screenshots_Fortune_america/baxter.png,True,['Interference']
C:/users/thoma/documents/thesis_new/thesis/data acqusition/screenshots_fortune_america/bc,C:/Users/thoma/Documents/Thesis_new/Thesis/Data acqusition/Screenshots_Fortune_america/bc.png,False,[]
C:/users/thoma/documents/thesis_new/thesis/data acqusition/screenshots_fortune_america/bd,C:/Users/thoma/Documents/Thesis_new/Thesis/Data acqusition/Screenshots_Fortune_america/bd.png,False,[]
C:/users/thoma/documents/thesis_new/thesis/data acqusition/screenshots_fortune_america/becn,C:/Users/thoma/Documents/Thesis_new/Thesis/Data acqusition/Screenshots_Fortune_america/becn.png,False,[]
C:/users/thoma/documents/thesis_new/thesis/data acqusition/screenshots_fortune_america/bedbathandbeyond,C:/Users/thoma/Documents/Thesis_new/Thesis/Data acqusition/Screenshots_Fortune_america/bedbathandbeyond.png,False,[]
C:/users/thoma/documents/thesis_new/thesis/data acqusition/screenshots_fortune_america/berkley,C:/Users/thoma/Documents/Thesis_new/Thesis/Data acqusition/Screenshots_Fortune_america/berkley.png,False,[]
C:/users/thoma/documents/thesis_new/thesis/data acqusition/screenshots_fortune_america/berkshirehathaway,C:/Users/thoma/Documents/Thesis_new/Thesis/Data acqusition/Screenshots_Fortune_america/berkshirehathaway.png,False,[]
C:/users/thoma/documents/thesis_new/thesis/data acqusition/screenshots_fortune_america/berryglobal,C:/Users/thoma/Documents/Thesis_new/Thesis/Data acqusition/Screenshots_Fortune_america/berryglobal.png,True,['Sneaking']
C:/users/thoma/documents/thesis_new/thesis/data acqusition/screenshots_fortune_america/bestbuy,C:/Users/thoma/Documents/Thesis_new/Thesis/Data acqusition/Screenshots_Fortune_america/bestbuy.png,False,[]
C:/users/thoma/documents/thesis_new/thesis/data acqusition/screenshots_fortune_america/biogen,C:/Users/thoma/Documents/Thesis_new/Thesis/Data acqusition/Screenshots_Fortune_america/biogen.png,True,['Unknown']
C:/users/thoma/documents/thesis_new/thesis/data acqusition/screenshots_fortune_america/bjs,C:/Users/thoma/Documents/Thesis_new/Thesis/Data acqusition/Screenshots_Fortune_america/bjs.png,False,[]
C:/users/thoma/documents/thesis_new/thesis/data acqusition/screenshots_fortune_america/blackrock,C:/Users/thoma/Documents/Thesis_new/Thesis/Data acqusition/Screenshots_Fortune_america/blackrock.png,False,[]
C:/users/thoma/documents/thesis_new/thesis/data acqusition/screenshots_fortune_america/blackstone,C:/Users/thoma/Documents/Thesis_new/Thesis/Data acqusition/Screenshots_Fortune_america/blackstone.png,True,['Interference']
C:/users/thoma/documents/thesis_new/thesis/data acqusition/screenshots_fortune_america/bldr,C:/Users/thoma/Documents/Thesis_new/Thesis/Data acqusition/Screenshots_Fortune_america/bldr.png,False,[]
C:/users/thoma/documents/thesis_new/thesis/data acqusition/screenshots_fortune_america/block,C:/Users/thoma/Documents/Thesis_new/Thesis/Data acqusition/Screenshots_Fortune_america/block.png,False,[]
C:/users/thoma/documents/thesis_new/thesis/data acqusition/screenshots_fortune_america/bms,C:/Users/thoma/Documents/Thesis_new/Thesis/Data acqusition/Screenshots_Fortune_america/bms.png,True,[]
C:/users/thoma/documents/thesis_new/thesis/data acqusition/screenshots_fortune_america/bnymellon,C:/Users/thoma/Documents/Thesis_new/Thesis/Data acqusition/Screenshots_Fortune_america/bnymellon.png,True,['Obstruction']
C:/users/thoma/documents/thesis_new/thesis/data acqusition/screenshots_fortune_america/boeing,C:/Users/thoma/Documents/Thesis_new/Thesis/Data acqusition/Screenshots_Fortune_america/boeing.png,True,['Image crop error']
C:/users/thoma/documents/thesis_new/thesis/data acqusition/screenshots_fortune_america/bookingholdings,C:/Users/thoma/Documents/Thesis_new/Thesis/Data acqusition/Screenshots_Fortune_america/bookingholdings.png,False,[]
C:/users/thoma/documents/thesis_new/thesis/data acqusition/screenshots_fortune_america/boozallen,C:/Users/thoma/Documents/Thesis_new/Thesis/Data acqusition/Screenshots_Fortune_america/boozallen.png,False,[]
C:/users/thoma/documents/thesis_new/thesis/data acqusition/screenshots_fortune_america/borgwarner,C:/Users/thoma/Documents/Thesis_new/Thesis/Data acqusition/Screenshots_Fortune_america/borgwarner.png,False,[]
C:/users/thoma/documents/thesis_new/thesis/data acqusition/screenshots_fortune_america/bostonscientific,C:/Users/thoma/Documents/Thesis_new/Thesis/Data acqusition/Screenshots_Fortune_america/bostonscientific.png,False,[]
C:/users/thoma/documents/thesis_new/thesis/data acqusition/screenshots_fortune_america/brighthousefinancial,C:/Users/thoma/Documents/Thesis_new/Thesis/Data acqusition/Screenshots_Fortune_america/brighthousefinancial.png,False,[]
C:/users/thoma/documents/thesis_new/thesis/data acqusition/screenshots_fortune_america/broadcom,C:/Users/thoma/Documents/Thesis_new/Thesis/Data acqusition/Screenshots_Fortune_america/broadcom.png,True,"['Interference', 'Sneaking']"
C:/users/thoma/documents/thesis_new/thesis/data acqusition/screenshots_fortune_america/burlington,C:/Users/thoma/Documents/Thesis_new/Thesis/Data acqusition/Screenshots_Fortune_america/burlington.png,True,"['Interference', 'Sneaking']"
C:/users/thoma/documents/thesis_new/thesis/data acqusition/screenshots_fortune_america/caesars,C:/Users/thoma/Documents/Thesis_new/Thesis/Data acqusition/Screenshots_Fortune_america/caesars.png,True,['Sneaking']
C:/users/thoma/documents/thesis_new/thesis/data acqusition/screenshots_fortune_america/campbells,C:/Users/thoma/Documents/Thesis_new/Thesis/Data acqusition/Screenshots_Fortune_america/campbells.png,False,[]
C:/users/thoma/documents/thesis_new/thesis/data acqusition/screenshots_fortune_america/capitalone,C:/Users/thoma/Documents/Thesis_new/Thesis/Data acqusition/Screenshots_Fortune_america/capitalone.png,False,[]
C:/users/thoma/documents/thesis_new/thesis/data acqusition/screenshots_fortune_america/cardinalhealth,C:/Users/thoma/Documents/Thesis_new/Thesis/Data acqusition/Screenshots_Fortune_america/cardinalhealth.png,False,[]
C:/users/thoma/documents/thesis_new/thesis/data acqusition/screenshots_fortune_america/carmax,C:/Users/thoma/Documents/Thesis_new/Thesis/Data acqusition/Screenshots_Fortune_america/carmax.png,False,[]
C:/users/thoma/documents/thesis_new/thesis/data acqusition/screenshots_fortune_america/carvana,C:/Users/thoma/Documents/Thesis_new/Thesis/Data acqusition/Screenshots_Fortune_america/carvana.png,False,[]
C:/users/thoma/documents/thesis_new/thesis/data acqusition/screenshots_fortune_america/caseys,C:/Users/thoma/Documents/Thesis_new/Thesis/Data acqusition/Screenshots_Fortune_america/caseys.png,False,[]
C:/users/thoma/documents/thesis_new/thesis/data acqusition/screenshots_fortune_america/caterpillar,C:/Users/thoma/Documents/Thesis_new/Thesis/Data acqusition/Screenshots_Fortune_america/caterpillar.png,False,[]
C:/users/thoma/documents/thesis_new/thesis/data acqusition/screenshots_fortune_america/cbrands,C:/Users/thoma/Documents/Thesis_new/Thesis/Data acqusition/Screenshots_Fortune_america/cbrands.png,False,[]
C:/users/thoma/documents/thesis_new/thesis/data acqusition/screenshots_fortune_america/cbre,C:/Users/thoma/Documents/Thesis_new/Thesis/Data acqusition/Screenshots_Fortune_america/cbre.png,False,[]
C:/users/thoma/documents/thesis_new/thesis/data acqusition/screenshots_fortune_america/cdw,C:/Users/thoma/Documents/Thesis_new/Thesis/Data acqusition/Screenshots_Fortune_america/cdw.png,True,['Obstruction']
C:/users/thoma/documents/thesis_new/thesis/data acqusition/screenshots_fortune_america/celanese,C:/Users/thoma/Documents/Thesis_new/Thesis/Data acqusition/Screenshots_Fortune_america/celanese.png,False,[]
C:/users/thoma/documents/thesis_new/thesis/data acqusition/screenshots_fortune_america/centene,C:/Users/thoma/Documents/Thesis_new/Thesis/Data acqusition/Screenshots_Fortune_america/centene.png,False,[]
C:/users/thoma/documents/thesis_new/thesis/data acqusition/screenshots_fortune_america/cfindustries,C:/Users/thoma/Documents/Thesis_new/Thesis/Data acqusition/Screenshots_Fortune_america/cfindustries.png,False,[]
C:/users/thoma/documents/thesis_new/thesis/data acqusition/screenshots_fortune_america/charter,C:/Users/thoma/Documents/Thesis_new/Thesis/Data acqusition/Screenshots_Fortune_america/charter.png,False,[]
C:/users/thoma/documents/thesis_new/thesis/data acqusition/screenshots_fortune_america/cheniere,C:/Users/thoma/Documents/Thesis_new/Thesis/Data acqusition/Screenshots_Fortune_america/cheniere.png,False,[]
C:/users/thoma/documents/thesis_new/thesis/data acqusition/screenshots_fortune_america/chevron,C:/Users/thoma/Documents/Thesis_new/Thesis/Data acqusition/Screenshots_Fortune_america/chevron.png,False,[]
C:/users/thoma/documents/thesis_new/thesis/data acqusition/screenshots_fortune_america/chewy,C:/Users/thoma/Documents/Thesis_new/Thesis/Data acqusition/Screenshots_Fortune_america/chewy.png,False,[]
C:/users/thoma/documents/thesis_new/thesis/data acqusition/screenshots_fortune_america/chipotle,C:/Users/thoma/Documents/Thesis_new/Thesis/Data acqusition/Screenshots_Fortune_america/chipotle.png,False,[]
C:/users/thoma/documents/thesis_new/thesis/data acqusition/screenshots_fortune_america/chk,C:/Users/thoma/Documents/Thesis_new/Thesis/Data acqusition/Screenshots_Fortune_america/chk.png,False,[]
C:/users/thoma/documents/thesis_new/thesis/data acqusition/screenshots_fortune_america/chrobinson,C:/Users/thoma/Documents/Thesis_new/Thesis/Data acqusition/Screenshots_Fortune_america/chrobinson.png,False,[]
C:/users/thoma/documents/thesis_new/thesis/data acqusition/screenshots_fortune_america/chsinc,C:/Users/thoma/Documents/Thesis_new/Thesis/Data acqusition/Screenshots_Fortune_america/chsinc.png,False,[]
C:/users/thoma/documents/thesis_new/thesis/data acqusition/screenshots_fortune_america/cigna,C:/Users/thoma/Documents/Thesis_new/Thesis/Data acqusition/Screenshots_Fortune_america/cigna.png,False,[]
C:/users/thoma/documents/thesis_new/thesis/data acqusition/screenshots_fortune_america/cintas,C:/Users/thoma/Documents/Thesis_new/Thesis/Data acqusition/Screenshots_Fortune_america/cintas.png,False,[]
C:/users/thoma/documents/thesis_new/thesis/data acqusition/screenshots_fortune_america/cisco,C:/Users/thoma/Documents/Thesis_new/Thesis/Data acqusition/Screenshots_Fortune_america/cisco.png,False,[]
C:/users/thoma/documents/thesis_new/thesis/data acqusition/screenshots_fortune_america/citigroup,C:/Users/thoma/Documents/Thesis_new/Thesis/Data acqusition/Screenshots_Fortune_america/citigroup.png,False,[]
C:/users/thoma/documents/thesis_new/thesis/data acqusition/screenshots_fortune_america/citizensbank,C:/Users/thoma/Documents/Thesis_new/Thesis/Data acqusition/Screenshots_Fortune_america/citizensbank.png,False,[]
C:/users/thoma/documents/thesis_new/thesis/data acqusition/screenshots_fortune_america/clevelandcliffs,C:/Users/thoma/Documents/Thesis_new/Thesis/Data acqusition/Screenshots_Fortune_america/clevelandcliffs.png,False,[]
C:/users/thoma/documents/thesis_new/thesis/data acqusition/screenshots_fortune_america/clr,C:/Users/thoma/Documents/Thesis_new/Thesis/Data acqusition/Screenshots_Fortune_america/clr.png,False,[]
C:/users/thoma/documents/thesis_new/thesis/data acqusition/screenshots_fortune_america/cmc,C:/Users/thoma/Documents/Thesis_new/Thesis/Data acqusition/Screenshots_Fortune_america/cmc.png,False,[]
C:/users/thoma/documents/thesis_new/thesis/data acqusition/screenshots_fortune_america/cmsenergy,C:/Users/thoma/Documents/Thesis_new/Thesis/Data acqusition/Screenshots_Fortune_america/cmsenergy.png,False,[]
C:/users/thoma/documents/thesis_new/thesis/data acqusition/screenshots_fortune_america/coca-colacompany,C:/Users/thoma/Documents/Thesis_new/Thesis/Data acqusition/Screenshots_Fortune_america/coca-colacompany.png,False,[]
C:/users/thoma/documents/thesis_new/thesis/data acqusition/screenshots_fortune_america/cognizant,C:/Users/thoma/Documents/Thesis_new/Thesis/Data acqusition/Screenshots_Fortune_america/cognizant.png,True,[]
C:/users/thoma/documents/thesis_new/thesis/data acqusition/screenshots_fortune_america/colgatepalmolive,C:/Users/thoma/Documents/Thesis_new/Thesis/Data acqusition/Screenshots_Fortune_america/colgatepalmolive.png,False,[]
C:/users/thoma/documents/thesis_new/thesis/data acqusition/screenshots_fortune_america/comcast,C:/Users/thoma/Documents/Thesis_new/Thesis/Data acqusition/Screenshots_Fortune_america/comcast.png,False,[]
C:/users/thoma/documents/thesis_new/thesis/data acqusition/screenshots_fortune_america/commscope,C:/Users/thoma/Documents/Thesis_new/Thesis/Data acqusition/Screenshots_Fortune_america/commscope.png,True,[]
C:/users/thoma/documents/thesis_new/thesis/data acqusition/screenshots_fortune_america/conagrabrands,C:/Users/thoma/Documents/Thesis_new/Thesis/Data acqusition/Screenshots_Fortune_america/conagrabrands.png,True,['Sneaking']
C:/users/thoma/documents/thesis_new/thesis/data acqusition/screenshots_fortune_america/coned,C:/Users/thoma/Documents/Thesis_new/Thesis/Data acqusition/Screenshots_Fortune_america/coned.png,False,[]
C:/users/thoma/documents/thesis_new/thesis/data acqusition/screenshots_fortune_america/conocophillips,C:/Users/thoma/Documents/Thesis_new/Thesis/Data acqusition/Screenshots_Fortune_america/conocophillips.png,False,[]
C:/users/thoma/documents/thesis_new/thesis/data acqusition/screenshots_fortune_america/constellationenergy,C:/Users/thoma/Documents/Thesis_new/Thesis/Data acqusition/Screenshots_Fortune_america/constellationenergy.png,True,[]
C:/users/thoma/documents/thesis_new/thesis/data acqusition/screenshots_fortune_america/corning,C:/Users/thoma/Documents/Thesis_new/Thesis/Data acqusition/Screenshots_Fortune_america/corning.png,True,[]
C:/users/thoma/documents/thesis_new/thesis/data acqusition/screenshots_fortune_america/corporate,C:/Users/thoma/Documents/Thesis_new/Thesis/Data acqusition/Screenshots_Fortune_america/corporate.png,True,"['Interference', 'Sneaking']"
C:/users/thoma/documents/thesis_new/thesis/data acqusition/screenshots_fortune_america/corteva,C:/Users/thoma/Documents/Thesis_new/Thesis/Data acqusition/Screenshots_Fortune_america/corteva.png,True,[]
C:/users/thoma/documents/thesis_new/thesis/data acqusition/screenshots_fortune_america/costco,C:/Users/thoma/Documents/Thesis_new/Thesis/Data acqusition/Screenshots_Fortune_america/costco.png,False,[]
C:/users/thoma/documents/thesis_new/thesis/data acqusition/screenshots_fortune_america/coterra,C:/Users/thoma/Documents/Thesis_new/Thesis/Data acqusition/Screenshots_Fortune_america/coterra.png,False,[]
C:/users/thoma/documents/thesis_new/thesis/data acqusition/screenshots_fortune_america/crowncork,C:/Users/thoma/Documents/Thesis_new/Thesis/Data acqusition/Screenshots_Fortune_america/crowncork.png,True,['Interference']
C:/users/thoma/documents/thesis_new/thesis/data acqusition/screenshots_fortune_america/cummins,C:/Users/thoma/Documents/Thesis_new/Thesis/Data acqusition/Screenshots_Fortune_america/cummins.png,False,[]
C:/users/thoma/documents/thesis_new/thesis/data acqusition/screenshots_fortune_america/cvshealth,C:/Users/thoma/Documents/Thesis_new/Thesis/Data acqusition/Screenshots_Fortune_america/cvshealth.png,False,[]
C:/users/thoma/documents/thesis_new/thesis/data acqusition/screenshots_fortune_america/dana,C:/Users/thoma/Documents/Thesis_new/Thesis/Data acqusition/Screenshots_Fortune_america/dana.png,True,['Interference']
C:/users/thoma/documents/thesis_new/thesis/data acqusition/screenshots_fortune_america/danaher,C:/Users/thoma/Documents/Thesis_new/Thesis/Data acqusition/Screenshots_Fortune_america/danaher.png,True,['Unknown']
C:/users/thoma/documents/thesis_new/thesis/data acqusition/screenshots_fortune_america/darden,C:/Users/thoma/Documents/Thesis_new/Thesis/Data acqusition/Screenshots_Fortune_america/darden.png,False,[]
C:/users/thoma/documents/thesis_new/thesis/data acqusition/screenshots_fortune_america/davita,C:/Users/thoma/Documents/Thesis_new/Thesis/Data acqusition/Screenshots_Fortune_america/davita.png,True,['Interference']
C:/users/thoma/documents/thesis_new/thesis/data acqusition/screenshots_fortune_america/deere,C:/Users/thoma/Documents/Thesis_new/Thesis/Data acqusition/Screenshots_Fortune_america/deere.png,True,['Interference']
C:/users/thoma/documents/thesis_new/thesis/data acqusition/screenshots_fortune_america/delekus,C:/Users/thoma/Documents/Thesis_new/Thesis/Data acqusition/Screenshots_Fortune_america/delekus.png,False,[]
C:/users/thoma/documents/thesis_new/thesis/data acqusition/screenshots_fortune_america/dell,C:/Users/thoma/Documents/Thesis_new/Thesis/Data acqusition/Screenshots_Fortune_america/dell.png,True,['Interference']
C:/users/thoma/documents/thesis_new/thesis/data acqusition/screenshots_fortune_america/delta,C:/Users/thoma/Documents/Thesis_new/Thesis/Data acqusition/Screenshots_Fortune_america/delta.png,False,[]
C:/users/thoma/documents/thesis_new/thesis/data acqusition/screenshots_fortune_america/devonenergy,C:/Users/thoma/Documents/Thesis_new/Thesis/Data acqusition/Screenshots_Fortune_america/devonenergy.png,False,[]
C:/users/thoma/documents/thesis_new/thesis/data acqusition/screenshots_fortune_america/diamondbackenergy,C:/Users/thoma/Documents/Thesis_new/Thesis/Data acqusition/Screenshots_Fortune_america/diamondbackenergy.png,False,[]
C:/users/thoma/documents/thesis_new/thesis/data acqusition/screenshots_fortune_america/dickssportinggoods,C:/Users/thoma/Documents/Thesis_new/Thesis/Data acqusition/Screenshots_Fortune_america/dickssportinggoods.png,False,[]
C:/users/thoma/documents/thesis_new/thesis/data acqusition/screenshots_fortune_america/discover,C:/Users/thoma/Documents/Thesis_new/Thesis/Data acqusition/Screenshots_Fortune_america/discover.png,False,[]
C:/users/thoma/documents/thesis_new/thesis/data acqusition/screenshots_fortune_america/dish,C:/Users/thoma/Documents/Thesis_new/Thesis/Data acqusition/Screenshots_Fortune_america/dish.png,False,[]
C:/users/thoma/documents/thesis_new/thesis/data acqusition/screenshots_fortune_america/dollargeneral,C:/Users/thoma/Documents/Thesis_new/Thesis/Data acqusition/Screenshots_Fortune_america/dollargeneral.png,False,[]
C:/users/thoma/documents/thesis_new/thesis/data acqusition/screenshots_fortune_america/dollartree,C:/Users/thoma/Documents/Thesis_new/Thesis/Data acqusition/Screenshots_Fortune_america/dollartree.png,False,[]
C:/users/thoma/documents/thesis_new/thesis/data acqusition/screenshots_fortune_america/dominionenergy,C:/Users/thoma/Documents/Thesis_new/Thesis/Data acqusition/Screenshots_Fortune_america/dominionenergy.png,False,[]
C:/users/thoma/documents/thesis_new/thesis/data acqusition/screenshots_fortune_america/dovercorporation,C:/Users/thoma/Documents/Thesis_new/Thesis/Data acqusition/Screenshots_Fortune_america/dovercorporation.png,False,[]
C:/users/thoma/documents/thesis_new/thesis/data acqusition/screenshots_fortune_america/dow,C:/Users/thoma/Documents/Thesis_new/Thesis/Data acqusition/Screenshots_Fortune_america/dow.png,True,[]
C:/users/thoma/documents/thesis_new/thesis/data acqusition/screenshots_fortune_america/drhorton,C:/Users/thoma/Documents/Thesis_new/Thesis/Data acqusition/Screenshots_Fortune_america/drhorton.png,False,[]
C:/users/thoma/documents/thesis_new/thesis/data acqusition/screenshots_fortune_america/dupont,C:/Users/thoma/Documents/Thesis_new/Thesis/Data acqusition/Screenshots_Fortune_america/dupont.png,True,['Interference']
C:/users/thoma/documents/thesis_new/thesis/data acqusition/screenshots_fortune_america/eastman,C:/Users/thoma/Documents/Thesis_new/Thesis/Data acqusition/Screenshots_Fortune_america/eastman.png,False,[]
C:/users/thoma/documents/thesis_new/thesis/data acqusition/screenshots_fortune_america/ebay,C:/Users/thoma/Documents/Thesis_new/Thesis/Data acqusition/Screenshots_Fortune_america/ebay.png,False,[]
C:/users/thoma/documents/thesis_new/thesis/data acqusition/screenshots_fortune_america/ecolab,C:/Users/thoma/Documents/Thesis_new/Thesis/Data acqusition/Screenshots_Fortune_america/ecolab.png,False,[]
C:/users/thoma/documents/thesis_new/thesis/data acqusition/screenshots_fortune_america/edwardjones,C:/Users/thoma/Documents/Thesis_new/Thesis/Data acqusition/Screenshots_Fortune_america/edwardjones.png,False,[]
C:/users/thoma/documents/thesis_new/thesis/data acqusition/screenshots_fortune_america/elcompanies,C:/Users/thoma/Documents/Thesis_new/Thesis/Data acqusition/Screenshots_Fortune_america/elcompanies.png,False,[]
C:/users/thoma/documents/thesis_new/thesis/data acqusition/screenshots_fortune_america/elevancehealth,C:/Users/thoma/Documents/Thesis_new/Thesis/Data acqusition/Screenshots_Fortune_america/elevancehealth.png,False,[]
C:/users/thoma/documents/thesis_new/thesis/data acqusition/screenshots_fortune_america/emcorgroup,C:/Users/thoma/Documents/Thesis_new/Thesis/Data acqusition/Screenshots_Fortune_america/emcorgroup.png,True,[]
C:/users/thoma/documents/thesis_new/thesis/data acqusition/screenshots_fortune_america/emerson,C:/Users/thoma/Documents/Thesis_new/Thesis/Data acqusition/Screenshots_Fortune_america/emerson.png,True,[]
C:/users/thoma/documents/thesis_new/thesis/data acqusition/screenshots_fortune_america/energytransfer,C:/Users/thoma/Documents/Thesis_new/Thesis/Data acqusition/Screenshots_Fortune_america/energytransfer.png,True,['Sneaking']
C:/users/thoma/documents/thesis_new/thesis/data acqusition/screenshots_fortune_america/enlink,C:/Users/thoma/Documents/Thesis_new/Thesis/Data acqusition/Screenshots_Fortune_america/enlink.png,False,[]
C:/users/thoma/documents/thesis_new/thesis/data acqusition/screenshots_fortune_america/entergy,C:/Users/thoma/Documents/Thesis_new/Thesis/Data acqusition/Screenshots_Fortune_america/entergy.png,False,[]
C:/users/thoma/documents/thesis_new/thesis/data acqusition/screenshots_fortune_america/eogresources,C:/Users/thoma/Documents/Thesis_new/Thesis/Data acqusition/Screenshots_Fortune_america/eogresources.png,False,[]
C:/users/thoma/documents/thesis_new/thesis/data acqusition/screenshots_fortune_america/eqt,C:/Users/thoma/Documents/Thesis_new/Thesis/Data acqusition/Screenshots_Fortune_america/eqt.png,False,[]
C:/users/thoma/documents/thesis_new/thesis/data acqusition/screenshots_fortune_america/equinix,C:/Users/thoma/Documents/Thesis_new/Thesis/Data acqusition/Screenshots_Fortune_america/equinix.png,False,[]
C:/users/thoma/documents/thesis_new/thesis/data acqusition/screenshots_fortune_america/erieinsurance,C:/Users/thoma/Documents/Thesis_new/Thesis/Data acqusition/Screenshots_Fortune_america/erieinsurance.png,False,[]
C:/users/thoma/documents/thesis_new/thesis/data acqusition/screenshots_fortune_america/eversource,C:/Users/thoma/Documents/Thesis_new/Thesis/Data acqusition/Screenshots_Fortune_america/eversource.png,False,[]
C:/users/thoma/documents/thesis_new/thesis/data acqusition/screenshots_fortune_america/exeloncorp,C:/Users/thoma/Documents/Thesis_new/Thesis/Data acqusition/Screenshots_Fortune_america/exeloncorp.png,False,[]
C:/users/thoma/documents/thesis_new/thesis/data acqusition/screenshots_fortune_america/expediagroup,C:/Users/thoma/Documents/Thesis_new/Thesis/Data acqusition/Screenshots_Fortune_america/expediagroup.png,False,[]
C:/users/thoma/documents/thesis_new/thesis/data acqusition/screenshots_fortune_america/expeditors,C:/Users/thoma/Documents/Thesis_new/Thesis/Data acqusition/Screenshots_Fortune_america/expeditors.png,True,[]
C:/users/thoma/documents/thesis_new/thesis/data acqusition/screenshots_fortune_america/exxonmobil,C:/Users/thoma/Documents/Thesis_new/Thesis/Data acqusition/Screenshots_Fortune_america/exxonmobil.png,True,['Sneaking']
C:/users/thoma/documents/thesis_new/thesis/data acqusition/screenshots_fortune_america/facebook,C:/Users/thoma/Documents/Thesis_new/Thesis/Data acqusition/Screenshots_Fortune_america/facebook.png,True,['Unknown']
C:/users/thoma/documents/thesis_new/thesis/data acqusition/screenshots_fortune_america/fanniemae,C:/Users/thoma/Documents/Thesis_new/Thesis/Data acqusition/Screenshots_Fortune_america/fanniemae.png,False,[]
C:/users/thoma/documents/thesis_new/thesis/data acqusition/screenshots_fortune_america/farmers,C:/Users/thoma/Documents/Thesis_new/Thesis/Data acqusition/Screenshots_Fortune_america/farmers.png,False,[]
C:/users/thoma/documents/thesis_new/thesis/data acqusition/screenshots_fortune_america/fbin,C:/Users/thoma/Documents/Thesis_new/Thesis/Data acqusition/Screenshots_Fortune_america/fbin.png,True,[]
C:/users/thoma/documents/thesis_new/thesis/data acqusition/screenshots_fortune_america/fcx,C:/Users/thoma/Documents/Thesis_new/Thesis/Data acqusition/Screenshots_Fortune_america/fcx.png,False,[]
C:/users/thoma/documents/thesis_new/thesis/data acqusition/screenshots_fortune_america/fedex,C:/Users/thoma/Documents/Thesis_new/Thesis/Data acqusition/Screenshots_Fortune_america/fedex.png,False,[]
C:/users/thoma/documents/thesis_new/thesis/data acqusition/screenshots_fortune_america/firstam,C:/Users/thoma/Documents/Thesis_new/Thesis/Data acqusition/Screenshots_Fortune_america/firstam.png,False,[]
C:/users/thoma/documents/thesis_new/thesis/data acqusition/screenshots_fortune_america/fiserv,C:/Users/thoma/Documents/Thesis_new/Thesis/Data acqusition/Screenshots_Fortune_america/fiserv.png,True,[]
C:/users/thoma/documents/thesis_new/thesis/data acqusition/screenshots_fortune_america/fisglobal,C:/Users/thoma/Documents/Thesis_new/Thesis/Data acqusition/Screenshots_Fortune_america/fisglobal.png,False,[]
C:/users/thoma/documents/thesis_new/thesis/data acqusition/screenshots_fortune_america/fluor,C:/Users/thoma/Documents/Thesis_new/Thesis/Data acqusition/Screenshots_Fortune_america/fluor.png,True,['Sneaking']
C:/users/thoma/documents/thesis_new/thesis/data acqusition/screenshots_fortune_america/footlocker,C:/Users/thoma/Documents/Thesis_new/Thesis/Data acqusition/Screenshots_Fortune_america/footlocker.png,False,[]
C:/users/thoma/documents/thesis_new/thesis/data acqusition/screenshots_fortune_america/ford,C:/Users/thoma/Documents/Thesis_new/Thesis/Data acqusition/Screenshots_Fortune_america/ford.png,False,[]
C:/users/thoma/documents/thesis_new/thesis/data acqusition/screenshots_fortune_america/foxnews,C:/Users/thoma/Documents/Thesis_new/Thesis/Data acqusition/Screenshots_Fortune_america/foxnews.png,False,[]
C:/users/thoma/documents/thesis_new/thesis/data acqusition/screenshots_fortune_america/franklinresources,C:/Users/thoma/Documents/Thesis_new/Thesis/Data acqusition/Screenshots_Fortune_america/franklinresources.png,True,['Obstruction']
C:/users/thoma/documents/thesis_new/thesis/data acqusition/screenshots_fortune_america/gap,C:/Users/thoma/Documents/Thesis_new/Thesis/Data acqusition/Screenshots_Fortune_america/gap.png,False,[]
C:/users/thoma/documents/thesis_new/thesis/data acqusition/screenshots_fortune_america/gd,C:/Users/thoma/Documents/Thesis_new/Thesis/Data acqusition/Screenshots_Fortune_america/gd.png,True,['Sneaking']
C:/users/thoma/documents/thesis_new/thesis/data acqusition/screenshots_fortune_america/ge,C:/Users/thoma/Documents/Thesis_new/Thesis/Data acqusition/Screenshots_Fortune_america/ge.png,False,[]
C:/users/thoma/documents/thesis_new/thesis/data acqusition/screenshots_fortune_america/generalmills,C:/Users/thoma/Documents/Thesis_new/Thesis/Data acqusition/Screenshots_Fortune_america/generalmills.png,True,"['Interference', 'Sneaking']"
C:/users/thoma/documents/thesis_new/thesis/data acqusition/screenshots_fortune_america/genpt,C:/Users/thoma/Documents/Thesis_new/Thesis/Data acqusition/Screenshots_Fortune_america/genpt.png,True,['Sneaking']
C:/users/thoma/documents/thesis_new/thesis/data acqusition/screenshots_fortune_america/genworth,C:/Users/thoma/Documents/Thesis_new/Thesis/Data acqusition/Screenshots_Fortune_america/genworth.png,False,[]
C:/users/thoma/documents/thesis_new/thesis/data acqusition/screenshots_fortune_america/gilead,C:/Users/thoma/Documents/Thesis_new/Thesis/Data acqusition/Screenshots_Fortune_america/gilead.png,True,[]
C:/users/thoma/documents/thesis_new/thesis/data acqusition/screenshots_fortune_america/globalp,C:/Users/thoma/Documents/Thesis_new/Thesis/Data acqusition/Screenshots_Fortune_america/globalp.png,False,[]
C:/users/thoma/documents/thesis_new/thesis/data acqusition/screenshots_fortune_america/globalpayments,C:/Users/thoma/Documents/Thesis_new/Thesis/Data acqusition/Screenshots_Fortune_america/globalpayments.png,False,[]
C:/users/thoma/documents/thesis_new/thesis/data acqusition/screenshots_fortune_america/gm,C:/Users/thoma/Documents/Thesis_new/Thesis/Data acqusition/Screenshots_Fortune_america/gm.png,False,[]
C:/users/thoma/documents/thesis_new/thesis/data acqusition/screenshots_fortune_america/goldmansachs,C:/Users/thoma/Documents/Thesis_new/Thesis/Data acqusition/Screenshots_Fortune_america/goldmansachs.png,False,[]
C:/users/thoma/documents/thesis_new/thesis/data acqusition/screenshots_fortune_america/goodyear,C:/Users/thoma/Documents/Thesis_new/Thesis/Data acqusition/Screenshots_Fortune_america/goodyear.png,False,[]
C:/users/thoma/documents/thesis_new/thesis/data acqusition/screenshots_fortune_america/grainger,C:/Users/thoma/Documents/Thesis_new/Thesis/Data acqusition/Screenshots_Fortune_america/grainger.png,False,[]
C:/users/thoma/documents/thesis_new/thesis/data acqusition/screenshots_fortune_america/graphicpkg,C:/Users/thoma/Documents/Thesis_new/Thesis/Data acqusition/Screenshots_Fortune_america/graphicpkg.png,True,[]
C:/users/thoma/documents/thesis_new/thesis/data acqusition/screenshots_fortune_america/graybar,C:/Users/thoma/Documents/Thesis_new/Thesis/Data acqusition/Screenshots_Fortune_america/graybar.png,False,[]
C:/users/thoma/documents/thesis_new/thesis/data acqusition/screenshots_fortune_america/group1auto,C:/Users/thoma/Documents/Thesis_new/Thesis/Data acqusition/Screenshots_Fortune_america/group1auto.png,False,[]
C:/users/thoma/documents/thesis_new/thesis/data acqusition/screenshots_fortune_america/guardianlife,C:/Users/thoma/Documents/Thesis_new/Thesis/Data acqusition/Screenshots_Fortune_america/guardianlife.png,False,[]
C:/users/thoma/documents/thesis_new/thesis/data acqusition/screenshots_fortune_america/halliburton,C:/Users/thoma/Documents/Thesis_new/Thesis/Data acqusition/Screenshots_Fortune_america/halliburton.png,False,[]
C:/users/thoma/documents/thesis_new/thesis/data acqusition/screenshots_fortune_america/henryschein,C:/Users/thoma/Documents/Thesis_new/Thesis/Data acqusition/Screenshots_Fortune_america/henryschein.png,False,[]
C:/users/thoma/documents/thesis_new/thesis/data acqusition/screenshots_fortune_america/hertz,C:/Users/thoma/Documents/Thesis_new/Thesis/Data acqusition/Screenshots_Fortune_america/hertz.png,False,[]
C:/users/thoma/documents/thesis_new/thesis/data acqusition/screenshots_fortune_america/hess,C:/Users/thoma/Documents/Thesis_new/Thesis/Data acqusition/Screenshots_Fortune_america/hess.png,False,[]
C:/users/thoma/documents/thesis_new/thesis/data acqusition/screenshots_fortune_america/hfsinclair,C:/Users/thoma/Documents/Thesis_new/Thesis/Data acqusition/Screenshots_Fortune_america/hfsinclair.png,False,[]
C:/users/thoma/documents/thesis_new/thesis/data acqusition/screenshots_fortune_america/hilton,C:/Users/thoma/Documents/Thesis_new/Thesis/Data acqusition/Screenshots_Fortune_america/hilton.png,True,[]
C:/users/thoma/documents/thesis_new/thesis/data acqusition/screenshots_fortune_america/homedepot,C:/Users/thoma/Documents/Thesis_new/Thesis/Data acqusition/Screenshots_Fortune_america/homedepot.png,False,[]
C:/users/thoma/documents/thesis_new/thesis/data acqusition/screenshots_fortune_america/honeywell,C:/Users/thoma/Documents/Thesis_new/Thesis/Data acqusition/Screenshots_Fortune_america/honeywell.png,False,[]
C:/users/thoma/documents/thesis_new/thesis/data acqusition/screenshots_fortune_america/hormelfoods,C:/Users/thoma/Documents/Thesis_new/Thesis/Data acqusition/Screenshots_Fortune_america/hormelfoods.png,False,[]
C:/users/thoma/documents/thesis_new/thesis/data acqusition/screenshots_fortune_america/hp,C:/Users/thoma/Documents/Thesis_new/Thesis/Data acqusition/Screenshots_Fortune_america/hp.png,True,['Unknown']
C:/users/thoma/documents/thesis_new/thesis/data acqusition/screenshots_fortune_america/hpe,C:/Users/thoma/Documents/Thesis_new/Thesis/Data acqusition/Screenshots_Fortune_america/hpe.png,False,[]
C:/users/thoma/documents/thesis_new/thesis/data acqusition/screenshots_fortune_america/humana,C:/Users/thoma/Documents/Thesis_new/Thesis/Data acqusition/Screenshots_Fortune_america/humana.png,False,[]
C:/users/thoma/documents/thesis_new/thesis/data acqusition/screenshots_fortune_america/huntington,C:/Users/thoma/Documents/Thesis_new/Thesis/Data acqusition/Screenshots_Fortune_america/huntington.png,False,[]
C:/users/thoma/documents/thesis_new/thesis/data acqusition/screenshots_fortune_america/huntsman,C:/Users/thoma/Documents/Thesis_new/Thesis/Data acqusition/Screenshots_Fortune_america/huntsman.png,True,[]
C:/users/thoma/documents/thesis_new/thesis/data acqusition/screenshots_fortune_america/ibm,C:/Users/thoma/Documents/Thesis_new/Thesis/Data acqusition/Screenshots_Fortune_america/ibm.png,False,[]
C:/users/thoma/documents/thesis_new/thesis/data acqusition/screenshots_fortune_america/ielp,C:/Users/thoma/Documents/Thesis_new/Thesis/Data acqusition/Screenshots_Fortune_america/ielp.png,False,[]
C:/users/thoma/documents/thesis_new/thesis/data acqusition/screenshots_fortune_america/iff,C:/Users/thoma/Documents/Thesis_new/Thesis/Data acqusition/Screenshots_Fortune_america/iff.png,True,[]
C:/users/thoma/documents/thesis_new/thesis/data acqusition/screenshots_fortune_america/ingredion,C:/Users/thoma/Documents/Thesis_new/Thesis/Data acqusition/Screenshots_Fortune_america/ingredion.png,False,[]
C:/users/thoma/documents/thesis_new/thesis/data acqusition/screenshots_fortune_america/insight,C:/Users/thoma/Documents/Thesis_new/Thesis/Data acqusition/Screenshots_Fortune_america/insight.png,True,['Interference']
C:/users/thoma/documents/thesis_new/thesis/data acqusition/screenshots_fortune_america/intel,C:/Users/thoma/Documents/Thesis_new/Thesis/Data acqusition/Screenshots_Fortune_america/intel.png,True,['Obstruction']
C:/users/thoma/documents/thesis_new/thesis/data acqusition/screenshots_fortune_america/internationalpaper,C:/Users/thoma/Documents/Thesis_new/Thesis/Data acqusition/Screenshots_Fortune_america/internationalpaper.png,True,['Interference']
C:/users/thoma/documents/thesis_new/thesis/data acqusition/screenshots_fortune_america/interpublic,C:/Users/thoma/Documents/Thesis_new/Thesis/Data acqusition/Screenshots_Fortune_america/interpublic.png,False,[]
C:/users/thoma/documents/thesis_new/thesis/data acqusition/screenshots_fortune_america/intuit,C:/Users/thoma/Documents/Thesis_new/Thesis/Data acqusition/Screenshots_Fortune_america/intuit.png,False,[]
C:/users/thoma/documents/thesis_new/thesis/data acqusition/screenshots_fortune_america/iqvia,C:/Users/thoma/Documents/Thesis_new/Thesis/Data acqusition/Screenshots_Fortune_america/iqvia.png,False,[]
C:/users/thoma/documents/thesis_new/thesis/data acqusition/screenshots_fortune_america/itw,C:/Users/thoma/Documents/Thesis_new/Thesis/Data acqusition/Screenshots_Fortune_america/itw.png,True,[]
C:/users/thoma/documents/thesis_new/thesis/data acqusition/screenshots_fortune_america/jabil,C:/Users/thoma/Documents/Thesis_new/Thesis/Data acqusition/Screenshots_Fortune_america/jabil.png,False,[]
C:/users/thoma/documents/thesis_new/thesis/data acqusition/screenshots_fortune_america/jackson,C:/Users/thoma/Documents/Thesis_new/Thesis/Data acqusition/Screenshots_Fortune_america/jackson.png,True,[]
C:/users/thoma/documents/thesis_new/thesis/data acqusition/screenshots_fortune_america/jacobs,C:/Users/thoma/Documents/Thesis_new/Thesis/Data acqusition/Screenshots_Fortune_america/jacobs.png,True,[]
C:/users/thoma/documents/thesis_new/thesis/data acqusition/screenshots_fortune_america/jbhunt,C:/Users/thoma/Documents/Thesis_new/Thesis/Data acqusition/Screenshots_Fortune_america/jbhunt.png,True,['Sneaking']
C:/users/thoma/documents/thesis_new/thesis/data acqusition/screenshots_fortune_america/jetblue,C:/Users/thoma/Documents/Thesis_new/Thesis/Data acqusition/Screenshots_Fortune_america/jetblue.png,False,[]
C:/users/thoma/documents/thesis_new/thesis/data acqusition/screenshots_fortune_america/jmsmucker,C:/Users/thoma/Documents/Thesis_new/Thesis/Data acqusition/Screenshots_Fortune_america/jmsmucker.png,True,[]
C:/users/thoma/documents/thesis_new/thesis/data acqusition/screenshots_fortune_america/jnj,C:/Users/thoma/Documents/Thesis_new/Thesis/Data acqusition/Screenshots_Fortune_america/jnj.png,False,[]
C:/users/thoma/documents/thesis_new/thesis/data acqusition/screenshots_fortune_america/jpmorganchase,C:/Users/thoma/Documents/Thesis_new/Thesis/Data acqusition/Screenshots_Fortune_america/jpmorganchase.png,True,[]
C:/users/thoma/documents/thesis_new/thesis/data acqusition/screenshots_fortune_america/kelloggs,C:/Users/thoma/Documents/Thesis_new/Thesis/Data acqusition/Screenshots_Fortune_america/kelloggs.png,False,[]
C:/users/thoma/documents/thesis_new/thesis/data acqusition/screenshots_fortune_america/keurigdrpepper,C:/Users/thoma/Documents/Thesis_new/Thesis/Data acqusition/Screenshots_Fortune_america/keurigdrpepper.png,False,[]
C:/users/thoma/documents/thesis_new/thesis/data acqusition/screenshots_fortune_america/keycorpltd,C:/Users/thoma/Documents/Thesis_new/Thesis/Data acqusition/Screenshots_Fortune_america/keycorpltd.png,False,[]
C:/users/thoma/documents/thesis_new/thesis/data acqusition/screenshots_fortune_america/kiewit,C:/Users/thoma/Documents/Thesis_new/Thesis/Data acqusition/Screenshots_Fortune_america/kiewit.png,False,[]
C:/users/thoma/documents/thesis_new/thesis/data acqusition/screenshots_fortune_america/kindermorgan,C:/Users/thoma/Documents/Thesis_new/Thesis/Data acqusition/Screenshots_Fortune_america/kindermorgan.png,False,[]
C:/users/thoma/documents/thesis_new/thesis/data acqusition/screenshots_fortune_america/kkr,C:/Users/thoma/Documents/Thesis_new/Thesis/Data acqusition/Screenshots_Fortune_america/kkr.png,False,[]
C:/users/thoma/documents/thesis_new/thesis/data acqusition/screenshots_fortune_america/kla,C:/Users/thoma/Documents/Thesis_new/Thesis/Data acqusition/Screenshots_Fortune_america/kla.png,True,['Sneaking']
C:/users/thoma/documents/thesis_new/thesis/data acqusition/screenshots_fortune_america/knight-swift,C:/Users/thoma/Documents/Thesis_new/Thesis/Data acqusition/Screenshots_Fortune_america/knight-swift.png,False,[]
C:/users/thoma/documents/thesis_new/thesis/data acqusition/screenshots_fortune_america/kohls,C:/Users/thoma/Documents/Thesis_new/Thesis/Data acqusition/Screenshots_Fortune_america/kohls.png,False,[]
C:/users/thoma/documents/thesis_new/thesis/data acqusition/screenshots_fortune_america/kraftheinzcompany,C:/Users/thoma/Documents/Thesis_new/Thesis/Data acqusition/Screenshots_Fortune_america/kraftheinzcompany.png,True,['Interference']
C:/users/thoma/documents/thesis_new/thesis/data acqusition/screenshots_fortune_america/kroger,C:/Users/thoma/Documents/Thesis_new/Thesis/Data acqusition/Screenshots_Fortune_america/kroger.png,False,[]
C:/users/thoma/documents/thesis_new/thesis/data acqusition/screenshots_fortune_america/kyndryl,C:/Users/thoma/Documents/Thesis_new/Thesis/Data acqusition/Screenshots_Fortune_america/kyndryl.png,False,[]
C:/users/thoma/documents/thesis_new/thesis/data acqusition/screenshots_fortune_america/l3harris,C:/Users/thoma/Documents/Thesis_new/Thesis/Data acqusition/Screenshots_Fortune_america/l3harris.png,False,[]
C:/users/thoma/documents/thesis_new/thesis/data acqusition/screenshots_fortune_america/labcorp,C:/Users/thoma/Documents/Thesis_new/Thesis/Data acqusition/Screenshots_Fortune_america/labcorp.png,True,['Sneaking']
C:/users/thoma/documents/thesis_new/thesis/data acqusition/screenshots_fortune_america/lamresearch,C:/Users/thoma/Documents/Thesis_new/Thesis/Data acqusition/Screenshots_Fortune_america/lamresearch.png,False,[]
C:/users/thoma/documents/thesis_new/thesis/data acqusition/screenshots_fortune_america/landolakesinc,C:/Users/thoma/Documents/Thesis_new/Thesis/Data acqusition/Screenshots_Fortune_america/landolakesinc.png,False,[]
C:/users/thoma/documents/thesis_new/thesis/data acqusition/screenshots_fortune_america/landstar,C:/Users/thoma/Documents/Thesis_new/Thesis/Data acqusition/Screenshots_Fortune_america/landstar.png,False,[]
C:/users/thoma/documents/thesis_new/thesis/data acqusition/screenshots_fortune_america/lear,C:/Users/thoma/Documents/Thesis_new/Thesis/Data acqusition/Screenshots_Fortune_america/lear.png,True,[]
C:/users/thoma/documents/thesis_new/thesis/data acqusition/screenshots_fortune_america/leidos,C:/Users/thoma/Documents/Thesis_new/Thesis/Data acqusition/Screenshots_Fortune_america/leidos.png,True,['Sneaking']
C:/users/thoma/documents/thesis_new/thesis/data acqusition/screenshots_fortune_america/lennar,C:/Users/thoma/Documents/Thesis_new/Thesis/Data acqusition/Screenshots_Fortune_america/lennar.png,False,[]
C:/users/thoma/documents/thesis_new/thesis/data acqusition/screenshots_fortune_america/lfg,C:/Users/thoma/Documents/Thesis_new/Thesis/Data acqusition/Screenshots_Fortune_america/lfg.png,False,[]
C:/users/thoma/documents/thesis_new/thesis/data acqusition/screenshots_fortune_america/libertymedia,C:/Users/thoma/Documents/Thesis_new/Thesis/Data acqusition/Screenshots_Fortune_america/libertymedia.png,False,[]
C:/users/thoma/documents/thesis_new/thesis/data acqusition/screenshots_fortune_america/libertymutualgroup,C:/Users/thoma/Documents/Thesis_new/Thesis/Data acqusition/Screenshots_Fortune_america/libertymutualgroup.png,False,[]
C:/users/thoma/documents/thesis_new/thesis/data acqusition/screenshots_fortune_america/lilly,C:/Users/thoma/Documents/Thesis_new/Thesis/Data acqusition/Screenshots_Fortune_america/lilly.png,False,[]
C:/users/thoma/documents/thesis_new/thesis/data acqusition/screenshots_fortune_america/lithia,C:/Users/thoma/Documents/Thesis_new/Thesis/Data acqusition/Screenshots_Fortune_america/lithia.png,False,[]
C:/users/thoma/documents/thesis_new/thesis/data acqusition/screenshots_fortune_america/livenationentertainment,C:/Users/thoma/Documents/Thesis_new/Thesis/Data acqusition/Screenshots_Fortune_america/livenationentertainment.png,False,[]
C:/users/thoma/documents/thesis_new/thesis/data acqusition/screenshots_fortune_america/lkqcorp,C:/Users/thoma/Documents/Thesis_new/Thesis/Data acqusition/Screenshots_Fortune_america/lkqcorp.png,True,[]
C:/users/thoma/documents/thesis_new/thesis/data acqusition/screenshots_fortune_america/lockheedmartin,C:/Users/thoma/Documents/Thesis_new/Thesis/Data acqusition/Screenshots_Fortune_america/lockheedmartin.png,False,[]
C:/users/thoma/documents/thesis_new/thesis/data acqusition/screenshots_fortune_america/lowes,C:/Users/thoma/Documents/Thesis_new/Thesis/Data acqusition/Screenshots_Fortune_america/lowes.png,False,[]
C:/users/thoma/documents/thesis_new/thesis/data acqusition/screenshots_fortune_america/lpl,C:/Users/thoma/Documents/Thesis_new/Thesis/Data acqusition/Screenshots_Fortune_america/lpl.png,False,[]
C:/users/thoma/documents/thesis_new/thesis/data acqusition/screenshots_fortune_america/lululemon,C:/Users/thoma/Documents/Thesis_new/Thesis/Data acqusition/Screenshots_Fortune_america/lululemon.png,False,[]
C:/users/thoma/documents/thesis_new/thesis/data acqusition/screenshots_fortune_america/lumen,C:/Users/thoma/Documents/Thesis_new/Thesis/Data acqusition/Screenshots_Fortune_america/lumen.png,True,['Interference']
C:/users/thoma/documents/thesis_new/thesis/data acqusition/screenshots_fortune_america/macys,C:/Users/thoma/Documents/Thesis_new/Thesis/Data acqusition/Screenshots_Fortune_america/macys.png,False,[]
C:/users/thoma/documents/thesis_new/thesis/data acqusition/screenshots_fortune_america/manpowergroup,C:/Users/thoma/Documents/Thesis_new/Thesis/Data acqusition/Screenshots_Fortune_america/manpowergroup.png,True,[]
C:/users/thoma/documents/thesis_new/thesis/data acqusition/screenshots_fortune_america/marathonoil,C:/Users/thoma/Documents/Thesis_new/Thesis/Data acqusition/Screenshots_Fortune_america/marathonoil.png,False,[]
C:/users/thoma/documents/thesis_new/thesis/data acqusition/screenshots_fortune_america/marathonpetroleum,C:/Users/thoma/Documents/Thesis_new/Thesis/Data acqusition/Screenshots_Fortune_america/marathonpetroleum.png,False,[]
C:/users/thoma/documents/thesis_new/thesis/data acqusition/screenshots_fortune_america/markel,C:/Users/thoma/Documents/Thesis_new/Thesis/Data acqusition/Screenshots_Fortune_america/markel.png,True,['Interference']
C:/users/thoma/documents/thesis_new/thesis/data acqusition/screenshots_fortune_america/marriott,C:/Users/thoma/Documents/Thesis_new/Thesis/Data acqusition/Screenshots_Fortune_america/marriott.png,False,[]
C:/users/thoma/documents/thesis_new/thesis/data acqusition/screenshots_fortune_america/marsh,C:/Users/thoma/Documents/Thesis_new/Thesis/Data acqusition/Screenshots_Fortune_america/marsh.png,True,['Obstruction']
C:/users/thoma/documents/thesis_new/thesis/data acqusition/screenshots_fortune_america/massmutual,C:/Users/thoma/Documents/Thesis_new/Thesis/Data acqusition/Screenshots_Fortune_america/massmutual.png,False,[]
C:/users/thoma/documents/thesis_new/thesis/data acqusition/screenshots_fortune_america/mastercard,C:/Users/thoma/Documents/Thesis_new/Thesis/Data acqusition/Screenshots_Fortune_america/mastercard.png,True,[]
C:/users/thoma/documents/thesis_new/thesis/data acqusition/screenshots_fortune_america/mcdonalds,C:/Users/thoma/Documents/Thesis_new/Thesis/Data acqusition/Screenshots_Fortune_america/mcdonalds.png,False,[]
C:/users/thoma/documents/thesis_new/thesis/data acqusition/screenshots_fortune_america/mckesson,C:/Users/thoma/Documents/Thesis_new/Thesis/Data acqusition/Screenshots_Fortune_america/mckesson.png,True,"['Interference', 'Sneaking']"
C:/users/thoma/documents/thesis_new/thesis/data acqusition/screenshots_fortune_america/merck,C:/Users/thoma/Documents/Thesis_new/Thesis/Data acqusition/Screenshots_Fortune_america/merck.png,True,['Sneaking']
C:/users/thoma/documents/thesis_new/thesis/data acqusition/screenshots_fortune_america/metlife,C:/Users/thoma/Documents/Thesis_new/Thesis/Data acqusition/Screenshots_Fortune_america/metlife.png,False,[]
C:/users/thoma/documents/thesis_new/thesis/data acqusition/screenshots_fortune_america/mgmresorts,C:/Users/thoma/Documents/Thesis_new/Thesis/Data acqusition/Screenshots_Fortune_america/mgmresorts.png,False,[]
C:/users/thoma/documents/thesis_new/thesis/data acqusition/screenshots_fortune_america/micron,C:/Users/thoma/Documents/Thesis_new/Thesis/Data acqusition/Screenshots_Fortune_america/micron.png,True,['Interference']
C:/users/thoma/documents/thesis_new/thesis/data acqusition/screenshots_fortune_america/microsoft,C:/Users/thoma/Documents/Thesis_new/Thesis/Data acqusition/Screenshots_Fortune_america/microsoft.png,False,[]
C:/users/thoma/documents/thesis_new/thesis/data acqusition/screenshots_fortune_america/modernatx,C:/Users/thoma/Documents/Thesis_new/Thesis/Data acqusition/Screenshots_Fortune_america/modernatx.png,True,[]
C:/users/thoma/documents/thesis_new/thesis/data acqusition/screenshots_fortune_america/molinahealthcare,C:/Users/thoma/Documents/Thesis_new/Thesis/Data acqusition/Screenshots_Fortune_america/molinahealthcare.png,False,[]
C:/users/thoma/documents/thesis_new/thesis/data acqusition/screenshots_fortune_america/molsoncoors,C:/Users/thoma/Documents/Thesis_new/Thesis/Data acqusition/Screenshots_Fortune_america/molsoncoors.png,False,[]
C:/users/thoma/documents/thesis_new/thesis/data acqusition/screenshots_fortune_america/mondelezinternational,C:/Users/thoma/Documents/Thesis_new/Thesis/Data acqusition/Screenshots_Fortune_america/mondelezinternational.png,True,[]
C:/users/thoma/documents/thesis_new/thesis/data acqusition/screenshots_fortune_america/morganstanley,C:/Users/thoma/Documents/Thesis_new/Thesis/Data acqusition/Screenshots_Fortune_america/morganstanley.png,True,['Obstruction']
C:/users/thoma/documents/thesis_new/thesis/data acqusition/screenshots_fortune_america/mosaicco,C:/Users/thoma/Documents/Thesis_new/Thesis/Data acqusition/Screenshots_Fortune_america/mosaicco.png,False,[]
C:/users/thoma/documents/thesis_new/thesis/data acqusition/screenshots_fortune_america/motorolasolutions,C:/Users/thoma/Documents/Thesis_new/Thesis/Data acqusition/Screenshots_Fortune_america/motorolasolutions.png,False,[]
C:/users/thoma/documents/thesis_new/thesis/data acqusition/screenshots_fortune_america/mtb,C:/Users/thoma/Documents/Thesis_new/Thesis/Data acqusition/Screenshots_Fortune_america/mtb.png,False,[]
C:/users/thoma/documents/thesis_new/thesis/data acqusition/screenshots_fortune_america/murphyusa,C:/Users/thoma/Documents/Thesis_new/Thesis/Data acqusition/Screenshots_Fortune_america/murphyusa.png,False,[]
C:/users/thoma/documents/thesis_new/thesis/data acqusition/screenshots_fortune_america/mutualofomaha,C:/Users/thoma/Documents/Thesis_new/Thesis/Data acqusition/Screenshots_Fortune_america/mutualofomaha.png,False,[]
C:/users/thoma/documents/thesis_new/thesis/data acqusition/screenshots_fortune_america/nationwide,C:/Users/thoma/Documents/Thesis_new/Thesis/Data acqusition/Screenshots_Fortune_america/nationwide.png,True,['Obstruction']
C:/users/thoma/documents/thesis_new/thesis/data acqusition/screenshots_fortune_america/ncr,C:/Users/thoma/Documents/Thesis_new/Thesis/Data acqusition/Screenshots_Fortune_america/ncr.png,False,[]
C:/users/thoma/documents/thesis_new/thesis/data acqusition/screenshots_fortune_america/netflix,C:/Users/thoma/Documents/Thesis_new/Thesis/Data acqusition/Screenshots_Fortune_america/netflix.png,False,[]
C:/users/thoma/documents/thesis_new/thesis/data acqusition/screenshots_fortune_america/newellbrands,C:/Users/thoma/Documents/Thesis_new/Thesis/Data acqusition/Screenshots_Fortune_america/newellbrands.png,True,['Interference']
C:/users/thoma/documents/thesis_new/thesis/data acqusition/screenshots_fortune_america/newyorklife,C:/Users/thoma/Documents/Thesis_new/Thesis/Data acqusition/Screenshots_Fortune_america/newyorklife.png,False,[]
C:/users/thoma/documents/thesis_new/thesis/data acqusition/screenshots_fortune_america/nexteraenergy,C:/Users/thoma/Documents/Thesis_new/Thesis/Data acqusition/Screenshots_Fortune_america/nexteraenergy.png,False,[]
C:/users/thoma/documents/thesis_new/thesis/data acqusition/screenshots_fortune_america/nglenergypartners,C:/Users/thoma/Documents/Thesis_new/Thesis/Data acqusition/Screenshots_Fortune_america/nglenergypartners.png,False,[]
C:/users/thoma/documents/thesis_new/thesis/data acqusition/screenshots_fortune_america/nike,C:/Users/thoma/Documents/Thesis_new/Thesis/Data acqusition/Screenshots_Fortune_america/nike.png,False,[]
C:/users/thoma/documents/thesis_new/thesis/data acqusition/screenshots_fortune_america/nordstrom,C:/Users/thoma/Documents/Thesis_new/Thesis/Data acqusition/Screenshots_Fortune_america/nordstrom.png,False,[]
C:/users/thoma/documents/thesis_new/thesis/data acqusition/screenshots_fortune_america/northerntrust,C:/Users/thoma/Documents/Thesis_new/Thesis/Data acqusition/Screenshots_Fortune_america/northerntrust.png,False,[]
C:/users/thoma/documents/thesis_new/thesis/data acqusition/screenshots_fortune_america/northropgrumman,C:/Users/thoma/Documents/Thesis_new/Thesis/Data acqusition/Screenshots_Fortune_america/northropgrumman.png,True,[]
C:/users/thoma/documents/thesis_new/thesis/data acqusition/screenshots_fortune_america/northwesternmutual,C:/Users/thoma/Documents/Thesis_new/Thesis/Data acqusition/Screenshots_Fortune_america/northwesternmutual.png,True,[]
C:/users/thoma/documents/thesis_new/thesis/data acqusition/screenshots_fortune_america/nrg,C:/Users/thoma/Documents/Thesis_new/Thesis/Data acqusition/Screenshots_Fortune_america/nrg.png,False,[]
C:/users/thoma/documents/thesis_new/thesis/data acqusition/screenshots_fortune_america/nucor,C:/Users/thoma/Documents/Thesis_new/Thesis/Data acqusition/Screenshots_Fortune_america/nucor.png,False,[]
C:/users/thoma/documents/thesis_new/thesis/data acqusition/screenshots_fortune_america/nvidia,C:/Users/thoma/Documents/Thesis_new/Thesis/Data acqusition/Screenshots_Fortune_america/nvidia.png,True,['Obstruction']
C:/users/thoma/documents/thesis_new/thesis/data acqusition/screenshots_fortune_america/officedepot,C:/Users/thoma/Documents/Thesis_new/Thesis/Data acqusition/Screenshots_Fortune_america/officedepot.png,False,[]
C:/users/thoma/documents/thesis_new/thesis/data acqusition/screenshots_fortune_america/oldrepublic,C:/Users/thoma/Documents/Thesis_new/Thesis/Data acqusition/Screenshots_Fortune_america/oldrepublic.png,False,[]
C:/users/thoma/documents/thesis_new/thesis/data acqusition/screenshots_fortune_america/omnicomgroup,C:/Users/thoma/Documents/Thesis_new/Thesis/Data acqusition/Screenshots_Fortune_america/omnicomgroup.png,False,[]
C:/users/thoma/documents/thesis_new/thesis/data acqusition/screenshots_fortune_america/oneok,C:/Users/thoma/Documents/Thesis_new/Thesis/Data acqusition/Screenshots_Fortune_america/oneok.png,False,[]
C:/users/thoma/documents/thesis_new/thesis/data acqusition/screenshots_fortune_america/onsemi,C:/Users/thoma/Documents/Thesis_new/Thesis/Data acqusition/Screenshots_Fortune_america/onsemi.png,True,[]
C:/users/thoma/documents/thesis_new/thesis/data acqusition/screenshots_fortune_america/opendoor,C:/Users/thoma/Documents/Thesis_new/Thesis/Data acqusition/Screenshots_Fortune_america/opendoor.png,False,[]
C:/users/thoma/documents/thesis_new/thesis/data acqusition/screenshots_fortune_america/oracle,C:/Users/thoma/Documents/Thesis_new/Thesis/Data acqusition/Screenshots_Fortune_america/oracle.png,True,['Interference']
C:/users/thoma/documents/thesis_new/thesis/data acqusition/screenshots_fortune_america/oreillyauto,C:/Users/thoma/Documents/Thesis_new/Thesis/Data acqusition/Screenshots_Fortune_america/oreillyauto.png,False,[]
C:/users/thoma/documents/thesis_new/thesis/data acqusition/screenshots_fortune_america/oshkosh,C:/Users/thoma/Documents/Thesis_new/Thesis/Data acqusition/Screenshots_Fortune_america/oshkosh.png,False,[]
C:/users/thoma/documents/thesis_new/thesis/data acqusition/screenshots_fortune_america/otis,C:/Users/thoma/Documents/Thesis_new/Thesis/Data acqusition/Screenshots_Fortune_america/otis.png,True,['Obstruction']
C:/users/thoma/documents/thesis_new/thesis/data acqusition/screenshots_fortune_america/ovintiv,C:/Users/thoma/Documents/Thesis_new/Thesis/Data acqusition/Screenshots_Fortune_america/ovintiv.png,False,[]
C:/users/thoma/documents/thesis_new/thesis/data acqusition/screenshots_fortune_america/owens,C:/Users/thoma/Documents/Thesis_new/Thesis/Data acqusition/Screenshots_Fortune_america/owens.png,False,[]
C:/users/thoma/documents/thesis_new/thesis/data acqusition/screenshots_fortune_america/owenscorning,C:/Users/thoma/Documents/Thesis_new/Thesis/Data acqusition/Screenshots_Fortune_america/owenscorning.png,False,[]
C:/users/thoma/documents/thesis_new/thesis/data acqusition/screenshots_fortune_america/oxy,C:/Users/thoma/Documents/Thesis_new/Thesis/Data acqusition/Screenshots_Fortune_america/oxy.png,False,[]
C:/users/thoma/documents/thesis_new/thesis/data acqusition/screenshots_fortune_america/paccar,C:/Users/thoma/Documents/Thesis_new/Thesis/Data acqusition/Screenshots_Fortune_america/paccar.png,True,['Interference']
C:/users/thoma/documents/thesis_new/thesis/data acqusition/screenshots_fortune_america/pacificlife,C:/Users/thoma/Documents/Thesis_new/Thesis/Data acqusition/Screenshots_Fortune_america/pacificlife.png,False,[]
C:/users/thoma/documents/thesis_new/thesis/data acqusition/screenshots_fortune_america/packagingcorp,C:/Users/thoma/Documents/Thesis_new/Thesis/Data acqusition/Screenshots_Fortune_america/packagingcorp.png,False,[]
C:/users/thoma/documents/thesis_new/thesis/data acqusition/screenshots_fortune_america/paramount,C:/Users/thoma/Documents/Thesis_new/Thesis/Data acqusition/Screenshots_Fortune_america/paramount.png,True,['Interference']
C:/users/thoma/documents/thesis_new/thesis/data acqusition/screenshots_fortune_america/parker,C:/Users/thoma/Documents/Thesis_new/Thesis/Data acqusition/Screenshots_Fortune_america/parker.png,False,[]
C:/users/thoma/documents/thesis_new/thesis/data acqusition/screenshots_fortune_america/parpacific,C:/Users/thoma/Documents/Thesis_new/Thesis/Data acqusition/Screenshots_Fortune_america/parpacific.png,True,[]
C:/users/thoma/documents/thesis_new/thesis/data acqusition/screenshots_fortune_america/paypal,C:/Users/thoma/Documents/Thesis_new/Thesis/Data acqusition/Screenshots_Fortune_america/paypal.png,False,[]
C:/users/thoma/documents/thesis_new/thesis/data acqusition/screenshots_fortune_america/pbfenergy,C:/Users/thoma/Documents/Thesis_new/Thesis/Data acqusition/Screenshots_Fortune_america/pbfenergy.png,False,[]
C:/users/thoma/documents/thesis_new/thesis/data acqusition/screenshots_fortune_america/penskeautomotive,C:/Users/thoma/Documents/Thesis_new/Thesis/Data acqusition/Screenshots_Fortune_america/penskeautomotive.png,False,[]
C:/users/thoma/documents/thesis_new/thesis/data acqusition/screenshots_fortune_america/pepsico,C:/Users/thoma/Documents/Thesis_new/Thesis/Data acqusition/Screenshots_Fortune_america/pepsico.png,False,[]
C:/users/thoma/documents/thesis_new/thesis/data acqusition/screenshots_fortune_america/pfgc,C:/Users/thoma/Documents/Thesis_new/Thesis/Data acqusition/Screenshots_Fortune_america/pfgc.png,True,[]
C:/users/thoma/documents/thesis_new/thesis/data acqusition/screenshots_fortune_america/pfizer,C:/Users/thoma/Documents/Thesis_new/Thesis/Data acqusition/Screenshots_Fortune_america/pfizer.png,True,['Obstruction']
C:/users/thoma/documents/thesis_new/thesis/data acqusition/screenshots_fortune_america/pg,C:/Users/thoma/Documents/Thesis_new/Thesis/Data acqusition/Screenshots_Fortune_america/pg.png,False,[]
C:/users/thoma/documents/thesis_new/thesis/data acqusition/screenshots_fortune_america/pgecorp,C:/Users/thoma/Documents/Thesis_new/Thesis/Data acqusition/Screenshots_Fortune_america/pgecorp.png,True,['Sneaking']
C:/users/thoma/documents/thesis_new/thesis/data acqusition/screenshots_fortune_america/phillips66,C:/Users/thoma/Documents/Thesis_new/Thesis/Data acqusition/Screenshots_Fortune_america/phillips66.png,True,[]
C:/users/thoma/documents/thesis_new/thesis/data acqusition/screenshots_fortune_america/plains,C:/Users/thoma/Documents/Thesis_new/Thesis/Data acqusition/Screenshots_Fortune_america/plains.png,False,[]
C:/users/thoma/documents/thesis_new/thesis/data acqusition/screenshots_fortune_america/pmi,C:/Users/thoma/Documents/Thesis_new/Thesis/Data acqusition/Screenshots_Fortune_america/pmi.png,False,[]
C:/users/thoma/documents/thesis_new/thesis/data acqusition/screenshots_fortune_america/pnc,C:/Users/thoma/Documents/Thesis_new/Thesis/Data acqusition/Screenshots_Fortune_america/pnc.png,False,[]
C:/users/thoma/documents/thesis_new/thesis/data acqusition/screenshots_fortune_america/polaris,C:/Users/thoma/Documents/Thesis_new/Thesis/Data acqusition/Screenshots_Fortune_america/polaris.png,False,[]
C:/users/thoma/documents/thesis_new/thesis/data acqusition/screenshots_fortune_america/ppg,C:/Users/thoma/Documents/Thesis_new/Thesis/Data acqusition/Screenshots_Fortune_america/ppg.png,False,[]
C:/users/thoma/documents/thesis_new/thesis/data acqusition/screenshots_fortune_america/pplindia,C:/Users/thoma/Documents/Thesis_new/Thesis/Data acqusition/Screenshots_Fortune_america/pplindia.png,False,[]
C:/users/thoma/documents/thesis_new/thesis/data acqusition/screenshots_fortune_america/principal,C:/Users/thoma/Documents/Thesis_new/Thesis/Data acqusition/Screenshots_Fortune_america/principal.png,True,"['Interference', 'Sneaking']"
C:/users/thoma/documents/thesis_new/thesis/data acqusition/screenshots_fortune_america/progressive,C:/Users/thoma/Documents/Thesis_new/Thesis/Data acqusition/Screenshots_Fortune_america/progressive.png,False,[]
C:/users/thoma/documents/thesis_new/thesis/data acqusition/screenshots_fortune_america/prudential,C:/Users/thoma/Documents/Thesis_new/Thesis/Data acqusition/Screenshots_Fortune_america/prudential.png,False,[]
C:/users/thoma/documents/thesis_new/thesis/data acqusition/screenshots_fortune_america/pseg,C:/Users/thoma/Documents/Thesis_new/Thesis/Data acqusition/Screenshots_Fortune_america/pseg.png,False,[]
C:/users/thoma/documents/thesis_new/thesis/data acqusition/screenshots_fortune_america/publix,C:/Users/thoma/Documents/Thesis_new/Thesis/Data acqusition/Screenshots_Fortune_america/publix.png,False,[]
C:/users/thoma/documents/thesis_new/thesis/data acqusition/screenshots_fortune_america/pultegroupinc,C:/Users/thoma/Documents/Thesis_new/Thesis/Data acqusition/Screenshots_Fortune_america/pultegroupinc.png,False,[]
C:/users/thoma/documents/thesis_new/thesis/data acqusition/screenshots_fortune_america/pvh,C:/Users/thoma/Documents/Thesis_new/Thesis/Data acqusition/Screenshots_Fortune_america/pvh.png,False,[]
C:/users/thoma/documents/thesis_new/thesis/data acqusition/screenshots_fortune_america/pxd,C:/Users/thoma/Documents/Thesis_new/Thesis/Data acqusition/Screenshots_Fortune_america/pxd.png,False,[]
C:/users/thoma/documents/thesis_new/thesis/data acqusition/screenshots_fortune_america/qualcomm,C:/Users/thoma/Documents/Thesis_new/Thesis/Data acqusition/Screenshots_Fortune_america/qualcomm.png,True,[]
C:/users/thoma/documents/thesis_new/thesis/data acqusition/screenshots_fortune_america/quantaservices,C:/Users/thoma/Documents/Thesis_new/Thesis/Data acqusition/Screenshots_Fortune_america/quantaservices.png,True,['Unknown']
C:/users/thoma/documents/thesis_new/thesis/data acqusition/screenshots_fortune_america/questdiagnostics,C:/Users/thoma/Documents/Thesis_new/Thesis/Data acqusition/Screenshots_Fortune_america/questdiagnostics.png,True,['Interference']
C:/users/thoma/documents/thesis_new/thesis/data acqusition/screenshots_fortune_america/qurateretailgroup,C:/Users/thoma/Documents/Thesis_new/Thesis/Data acqusition/Screenshots_Fortune_america/qurateretailgroup.png,False,[]
C:/users/thoma/documents/thesis_new/thesis/data acqusition/screenshots_fortune_america/raymondjames,C:/Users/thoma/Documents/Thesis_new/Thesis/Data acqusition/Screenshots_Fortune_america/raymondjames.png,True,['Sneaking']
C:/users/thoma/documents/thesis_new/thesis/data acqusition/screenshots_fortune_america/regeneron,C:/Users/thoma/Documents/Thesis_new/Thesis/Data acqusition/Screenshots_Fortune_america/regeneron.png,False,[]
C:/users/thoma/documents/thesis_new/thesis/data acqusition/screenshots_fortune_america/regions,C:/Users/thoma/Documents/Thesis_new/Thesis/Data acqusition/Screenshots_Fortune_america/regions.png,False,[]
C:/users/thoma/documents/thesis_new/thesis/data acqusition/screenshots_fortune_america/republicservices,C:/Users/thoma/Documents/Thesis_new/Thesis/Data acqusition/Screenshots_Fortune_america/republicservices.png,False,[]
C:/users/thoma/documents/thesis_new/thesis/data acqusition/screenshots_fortune_america/rgare,C:/Users/thoma/Documents/Thesis_new/Thesis/Data acqusition/Screenshots_Fortune_america/rgare.png,False,[]
C:/users/thoma/documents/thesis_new/thesis/data acqusition/screenshots_fortune_america/riteaid,C:/Users/thoma/Documents/Thesis_new/Thesis/Data acqusition/Screenshots_Fortune_america/riteaid.png,False,[]
C:/users/thoma/documents/thesis_new/thesis/data acqusition/screenshots_fortune_america/roberthalf,C:/Users/thoma/Documents/Thesis_new/Thesis/Data acqusition/Screenshots_Fortune_america/roberthalf.png,True,[]
C:/users/thoma/documents/thesis_new/thesis/data acqusition/screenshots_fortune_america/rockwellautomation,C:/Users/thoma/Documents/Thesis_new/Thesis/Data acqusition/Screenshots_Fortune_america/rockwellautomation.png,False,[]
C:/users/thoma/documents/thesis_new/thesis/data acqusition/screenshots_fortune_america/rossstores,C:/Users/thoma/Documents/Thesis_new/Thesis/Data acqusition/Screenshots_Fortune_america/rossstores.png,False,[]
C:/users/thoma/documents/thesis_new/thesis/data acqusition/screenshots_fortune_america/rsac,C:/Users/thoma/Documents/Thesis_new/Thesis/Data acqusition/Screenshots_Fortune_america/rsac.png,False,[]
C:/users/thoma/documents/thesis_new/thesis/data acqusition/screenshots_fortune_america/rtx,C:/Users/thoma/Documents/Thesis_new/Thesis/Data acqusition/Screenshots_Fortune_america/rtx.png,False,[]
C:/users/thoma/documents/thesis_new/thesis/data acqusition/screenshots_fortune_america/ryder,C:/Users/thoma/Documents/Thesis_new/Thesis/Data acqusition/Screenshots_Fortune_america/ryder.png,False,[]
C:/users/thoma/documents/thesis_new/thesis/data acqusition/screenshots_fortune_america/saic,C:/Users/thoma/Documents/Thesis_new/Thesis/Data acqusition/Screenshots_Fortune_america/saic.png,True,[]
C:/users/thoma/documents/thesis_new/thesis/data acqusition/screenshots_fortune_america/salesforce,C:/Users/thoma/Documents/Thesis_new/Thesis/Data acqusition/Screenshots_Fortune_america/salesforce.png,True,['Sneaking']
C:/users/thoma/documents/thesis_new/thesis/data acqusition/screenshots_fortune_america/sanmina,C:/Users/thoma/Documents/Thesis_new/Thesis/Data acqusition/Screenshots_Fortune_america/sanmina.png,False,[]
C:/users/thoma/documents/thesis_new/thesis/data acqusition/screenshots_fortune_america/schwab,C:/Users/thoma/Documents/Thesis_new/Thesis/Data acqusition/Screenshots_Fortune_america/schwab.png,False,[]
C:/users/thoma/documents/thesis_new/thesis/data acqusition/screenshots_fortune_america/seaboardcorp,C:/Users/thoma/Documents/Thesis_new/Thesis/Data acqusition/Screenshots_Fortune_america/seaboardcorp.png,True,[]
C:/users/thoma/documents/thesis_new/thesis/data acqusition/screenshots_fortune_america/sempra,C:/Users/thoma/Documents/Thesis_new/Thesis/Data acqusition/Screenshots_Fortune_america/sempra.png,False,[]
C:/users/thoma/documents/thesis_new/thesis/data acqusition/screenshots_fortune_america/servicenow,C:/Users/thoma/Documents/Thesis_new/Thesis/Data acqusition/Screenshots_Fortune_america/servicenow.png,False,[]
C:/users/thoma/documents/thesis_new/thesis/data acqusition/screenshots_fortune_america/sherwin-williams,C:/Users/thoma/Documents/Thesis_new/Thesis/Data acqusition/Screenshots_Fortune_america/sherwin-williams.png,True,[]
C:/users/thoma/documents/thesis_new/thesis/data acqusition/screenshots_fortune_america/skechers,C:/Users/thoma/Documents/Thesis_new/Thesis/Data acqusition/Screenshots_Fortune_america/skechers.png,False,[]
C:/users/thoma/documents/thesis_new/thesis/data acqusition/screenshots_fortune_america/sonicautomotive,C:/Users/thoma/Documents/Thesis_new/Thesis/Data acqusition/Screenshots_Fortune_america/sonicautomotive.png,False,[]
C:/users/thoma/documents/thesis_new/thesis/data acqusition/screenshots_fortune_america/sonoco,C:/Users/thoma/Documents/Thesis_new/Thesis/Data acqusition/Screenshots_Fortune_america/sonoco.png,True,['Sneaking']
C:/users/thoma/documents/thesis_new/thesis/data acqusition/screenshots_fortune_america/southernrailway,C:/Users/thoma/Documents/Thesis_new/Thesis/Data acqusition/Screenshots_Fortune_america/southernrailway.png,False,[]
C:/users/thoma/documents/thesis_new/thesis/data acqusition/screenshots_fortune_america/southwest,C:/Users/thoma/Documents/Thesis_new/Thesis/Data acqusition/Screenshots_Fortune_america/southwest.png,False,[]
C:/users/thoma/documents/thesis_new/thesis/data acqusition/screenshots_fortune_america/spartannash,C:/Users/thoma/Documents/Thesis_new/Thesis/Data acqusition/Screenshots_Fortune_america/spartannash.png,False,[]
C:/users/thoma/documents/thesis_new/thesis/data acqusition/screenshots_fortune_america/spglobal,C:/Users/thoma/Documents/Thesis_new/Thesis/Data acqusition/Screenshots_Fortune_america/spglobal.png,False,[]
C:/users/thoma/documents/thesis_new/thesis/data acqusition/screenshots_fortune_america/stanleyblackanddecker,C:/Users/thoma/Documents/Thesis_new/Thesis/Data acqusition/Screenshots_Fortune_america/stanleyblackanddecker.png,False,[]
C:/users/thoma/documents/thesis_new/thesis/data acqusition/screenshots_fortune_america/starbucks,C:/Users/thoma/Documents/Thesis_new/Thesis/Data acqusition/Screenshots_Fortune_america/starbucks.png,True,[]
C:/users/thoma/documents/thesis_new/thesis/data acqusition/screenshots_fortune_america/statefarm,C:/Users/thoma/Documents/Thesis_new/Thesis/Data acqusition/Screenshots_Fortune_america/statefarm.png,False,[]
C:/users/thoma/documents/thesis_new/thesis/data acqusition/screenshots_fortune_america/statestreet,C:/Users/thoma/Documents/Thesis_new/Thesis/Data acqusition/Screenshots_Fortune_america/statestreet.png,True,['Unknown']
C:/users/thoma/documents/thesis_new/thesis/data acqusition/screenshots_fortune_america/steeldynamics,C:/Users/thoma/Documents/Thesis_new/Thesis/Data acqusition/Screenshots_Fortune_america/steeldynamics.png,False,[]
C:/users/thoma/documents/thesis_new/thesis/data acqusition/screenshots_fortune_america/stonex,C:/Users/thoma/Documents/Thesis_new/Thesis/Data acqusition/Screenshots_Fortune_america/stonex.png,True,[]
C:/users/thoma/documents/thesis_new/thesis/data acqusition/screenshots_fortune_america/stryker,C:/Users/thoma/Documents/Thesis_new/Thesis/Data acqusition/Screenshots_Fortune_america/stryker.png,False,[]
C:/users/thoma/documents/thesis_new/thesis/data acqusition/screenshots_fortune_america/svb,C:/Users/thoma/Documents/Thesis_new/Thesis/Data acqusition/Screenshots_Fortune_america/svb.png,True,['Interference']
C:/users/thoma/documents/thesis_new/thesis/data acqusition/screenshots_fortune_america/swn,C:/Users/thoma/Documents/Thesis_new/Thesis/Data acqusition/Screenshots_Fortune_america/swn.png,False,[]
C:/users/thoma/documents/thesis_new/thesis/data acqusition/screenshots_fortune_america/synchrony,C:/Users/thoma/Documents/Thesis_new/Thesis/Data acqusition/Screenshots_Fortune_america/synchrony.png,False,[]
C:/users/thoma/documents/thesis_new/thesis/data acqusition/screenshots_fortune_america/sysco,C:/Users/thoma/Documents/Thesis_new/Thesis/Data acqusition/Screenshots_Fortune_america/sysco.png,False,[]
C:/users/thoma/documents/thesis_new/thesis/data acqusition/screenshots_fortune_america/ta-petro,C:/Users/thoma/Documents/Thesis_new/Thesis/Data acqusition/Screenshots_Fortune_america/ta-petro.png,False,[]
C:/users/thoma/documents/thesis_new/thesis/data acqusition/screenshots_fortune_america/targaresources,C:/Users/thoma/Documents/Thesis_new/Thesis/Data acqusition/Screenshots_Fortune_america/targaresources.png,False,[]
C:/users/thoma/documents/thesis_new/thesis/data acqusition/screenshots_fortune_america/target,C:/Users/thoma/Documents/Thesis_new/Thesis/Data acqusition/Screenshots_Fortune_america/target.png,False,[]
C:/users/thoma/documents/thesis_new/thesis/data acqusition/screenshots_fortune_america/taylormorrison,C:/Users/thoma/Documents/Thesis_new/Thesis/Data acqusition/Screenshots_Fortune_america/taylormorrison.png,False,[]
C:/users/thoma/documents/thesis_new/thesis/data acqusition/screenshots_fortune_america/tdsynnex,C:/Users/thoma/Documents/Thesis_new/Thesis/Data acqusition/Screenshots_Fortune_america/tdsynnex.png,False,[]
C:/users/thoma/documents/thesis_new/thesis/data acqusition/screenshots_fortune_america/tenethealth,C:/Users/thoma/Documents/Thesis_new/Thesis/Data acqusition/Screenshots_Fortune_america/tenethealth.png,False,[]
C:/users/thoma/documents/thesis_new/thesis/data acqusition/screenshots_fortune_america/tesla,C:/Users/thoma/Documents/Thesis_new/Thesis/Data acqusition/Screenshots_Fortune_america/tesla.png,False,[]
C:/users/thoma/documents/thesis_new/thesis/data acqusition/screenshots_fortune_america/test,C:/Users/thoma/Documents/Thesis_new/Thesis/Data acqusition/Screenshots_Fortune_america/test.png,True,['Obstruction']
C:/users/thoma/documents/thesis_new/thesis/data acqusition/screenshots_fortune_america/textron,C:/Users/thoma/Documents/Thesis_new/Thesis/Data acqusition/Screenshots_Fortune_america/textron.png,False,[]
C:/users/thoma/documents/thesis_new/thesis/data acqusition/screenshots_fortune_america/thehartford,C:/Users/thoma/Documents/Thesis_new/Thesis/Data acqusition/Screenshots_Fortune_america/thehartford.png,False,[]
C:/users/thoma/documents/thesis_new/thesis/data acqusition/screenshots_fortune_america/thehersheycompany,C:/Users/thoma/Documents/Thesis_new/Thesis/Data acqusition/Screenshots_Fortune_america/thehersheycompany.png,False,[]
C:/users/thoma/documents/thesis_new/thesis/data acqusition/screenshots_fortune_america/theice,C:/Users/thoma/Documents/Thesis_new/Thesis/Data acqusition/Screenshots_Fortune_america/theice.png,False,[]
C:/users/thoma/documents/thesis_new/thesis/data acqusition/screenshots_fortune_america/thermofisher,C:/Users/thoma/Documents/Thesis_new/Thesis/Data acqusition/Screenshots_Fortune_america/thermofisher.png,True,['Interference']
C:/users/thoma/documents/thesis_new/thesis/data acqusition/screenshots_fortune_america/thorindustries,C:/Users/thoma/Documents/Thesis_new/Thesis/Data acqusition/Screenshots_Fortune_america/thorindustries.png,True,[]
C:/users/thoma/documents/thesis_new/thesis/data acqusition/screenshots_fortune_america/thrivent,C:/Users/thoma/Documents/Thesis_new/Thesis/Data acqusition/Screenshots_Fortune_america/thrivent.png,False,[]
C:/users/thoma/documents/thesis_new/thesis/data acqusition/screenshots_fortune_america/ti,C:/Users/thoma/Documents/Thesis_new/Thesis/Data acqusition/Screenshots_Fortune_america/ti.png,True,['Interference']
C:/users/thoma/documents/thesis_new/thesis/data acqusition/screenshots_fortune_america/tiaa,C:/Users/thoma/Documents/Thesis_new/Thesis/Data acqusition/Screenshots_Fortune_america/tiaa.png,False,[]
C:/users/thoma/documents/thesis_new/thesis/data acqusition/screenshots_fortune_america/tjx,C:/Users/thoma/Documents/Thesis_new/Thesis/Data acqusition/Screenshots_Fortune_america/tjx.png,False,[]
C:/users/thoma/documents/thesis_new/thesis/data acqusition/screenshots_fortune_america/tollbrothers,C:/Users/thoma/Documents/Thesis_new/Thesis/Data acqusition/Screenshots_Fortune_america/tollbrothers.png,False,[]
C:/users/thoma/documents/thesis_new/thesis/data acqusition/screenshots_fortune_america/tractorsupply,C:/Users/thoma/Documents/Thesis_new/Thesis/Data acqusition/Screenshots_Fortune_america/tractorsupply.png,False,[]
C:/users/thoma/documents/thesis_new/thesis/data acqusition/screenshots_fortune_america/travelers,C:/Users/thoma/Documents/Thesis_new/Thesis/Data acqusition/Screenshots_Fortune_america/travelers.png,False,[]
C:/users/thoma/documents/thesis_new/thesis/data acqusition/screenshots_fortune_america/truist,C:/Users/thoma/Documents/Thesis_new/Thesis/Data acqusition/Screenshots_Fortune_america/truist.png,False,[]
C:/users/thoma/documents/thesis_new/thesis/data acqusition/screenshots_fortune_america/tysonfoods,C:/Users/thoma/Documents/Thesis_new/Thesis/Data acqusition/Screenshots_Fortune_america/tysonfoods.png,True,"['Interference', 'Sneaking']"
C:/users/thoma/documents/thesis_new/thesis/data acqusition/screenshots_fortune_america/uber,C:/Users/thoma/Documents/Thesis_new/Thesis/Data acqusition/Screenshots_Fortune_america/uber.png,True,['Unknown']
C:/users/thoma/documents/thesis_new/thesis/data acqusition/screenshots_fortune_america/ufpi,C:/Users/thoma/Documents/Thesis_new/Thesis/Data acqusition/Screenshots_Fortune_america/ufpi.png,False,[]
C:/users/thoma/documents/thesis_new/thesis/data acqusition/screenshots_fortune_america/ugicorp,C:/Users/thoma/Documents/Thesis_new/Thesis/Data acqusition/Screenshots_Fortune_america/ugicorp.png,False,[]
C:/users/thoma/documents/thesis_new/thesis/data acqusition/screenshots_fortune_america/ulta,C:/Users/thoma/Documents/Thesis_new/Thesis/Data acqusition/Screenshots_Fortune_america/ulta.png,False,[]
C:/users/thoma/documents/thesis_new/thesis/data acqusition/screenshots_fortune_america/unfi,C:/Users/thoma/Documents/Thesis_new/Thesis/Data acqusition/Screenshots_Fortune_america/unfi.png,True,[]
C:/users/thoma/documents/thesis_new/thesis/data acqusition/screenshots_fortune_america/united,C:/Users/thoma/Documents/Thesis_new/Thesis/Data acqusition/Screenshots_Fortune_america/united.png,False,[]
C:/users/thoma/documents/thesis_new/thesis/data acqusition/screenshots_fortune_america/unitedhealthgroup,C:/Users/thoma/Documents/Thesis_new/Thesis/Data acqusition/Screenshots_Fortune_america/unitedhealthgroup.png,True,['Interference']
C:/users/thoma/documents/thesis_new/thesis/data acqusition/screenshots_fortune_america/unitedrentals,C:/Users/thoma/Documents/Thesis_new/Thesis/Data acqusition/Screenshots_Fortune_america/unitedrentals.png,False,[]
C:/users/thoma/documents/thesis_new/thesis/data acqusition/screenshots_fortune_america/univarsolutions,C:/Users/thoma/Documents/Thesis_new/Thesis/Data acqusition/Screenshots_Fortune_america/univarsolutions.png,False,[]
C:/users/thoma/documents/thesis_new/thesis/data acqusition/screenshots_fortune_america/unum,C:/Users/thoma/Documents/Thesis_new/Thesis/Data acqusition/Screenshots_Fortune_america/unum.png,True,[]
C:/users/thoma/documents/thesis_new/thesis/data acqusition/screenshots_fortune_america/up,C:/Users/thoma/Documents/Thesis_new/Thesis/Data acqusition/Screenshots_Fortune_america/up.png,False,[]
C:/users/thoma/documents/thesis_new/thesis/data acqusition/screenshots_fortune_america/ups,C:/Users/thoma/Documents/Thesis_new/Thesis/Data acqusition/Screenshots_Fortune_america/ups.png,False,[]
C:/users/thoma/documents/thesis_new/thesis/data acqusition/screenshots_fortune_america/us,C:/Users/thoma/Documents/Thesis_new/Thesis/Data acqusition/Screenshots_Fortune_america/us.png,False,[]
C:/users/thoma/documents/thesis_new/thesis/data acqusition/screenshots_fortune_america/usaa,C:/Users/thoma/Documents/Thesis_new/Thesis/Data acqusition/Screenshots_Fortune_america/usaa.png,False,[]
C:/users/thoma/documents/thesis_new/thesis/data acqusition/screenshots_fortune_america/usbank,C:/Users/thoma/Documents/Thesis_new/Thesis/Data acqusition/Screenshots_Fortune_america/usbank.png,False,[]
C:/users/thoma/documents/thesis_new/thesis/data acqusition/screenshots_fortune_america/usfoods,C:/Users/thoma/Documents/Thesis_new/Thesis/Data acqusition/Screenshots_Fortune_america/usfoods.png,False,[]
C:/users/thoma/documents/thesis_new/thesis/data acqusition/screenshots_fortune_america/ussteel,C:/Users/thoma/Documents/Thesis_new/Thesis/Data acqusition/Screenshots_Fortune_america/ussteel.png,False,[]
C:/users/thoma/documents/thesis_new/thesis/data acqusition/screenshots_fortune_america/valero,C:/Users/thoma/Documents/Thesis_new/Thesis/Data acqusition/Screenshots_Fortune_america/valero.png,False,[]
C:/users/thoma/documents/thesis_new/thesis/data acqusition/screenshots_fortune_america/verizon,C:/Users/thoma/Documents/Thesis_new/Thesis/Data acqusition/Screenshots_Fortune_america/verizon.png,False,[]
C:/users/thoma/documents/thesis_new/thesis/data acqusition/screenshots_fortune_america/viatris,C:/Users/thoma/Documents/Thesis_new/Thesis/Data acqusition/Screenshots_Fortune_america/viatris.png,True,[]
C:/users/thoma/documents/thesis_new/thesis/data acqusition/screenshots_fortune_america/visa,C:/Users/thoma/Documents/Thesis_new/Thesis/Data acqusition/Screenshots_Fortune_america/visa.png,True,['Unknown']
C:/users/thoma/documents/thesis_new/thesis/data acqusition/screenshots_fortune_america/vistra,C:/Users/thoma/Documents/Thesis_new/Thesis/Data acqusition/Screenshots_Fortune_america/vistra.png,False,[]
C:/users/thoma/documents/thesis_new/thesis/data acqusition/screenshots_fortune_america/vmware,C:/Users/thoma/Documents/Thesis_new/Thesis/Data acqusition/Screenshots_Fortune_america/vmware.png,False,[]
C:/users/thoma/documents/thesis_new/thesis/data acqusition/screenshots_fortune_america/vrtx,C:/Users/thoma/Documents/Thesis_new/Thesis/Data acqusition/Screenshots_Fortune_america/vrtx.png,False,[]
C:/users/thoma/documents/thesis_new/thesis/data acqusition/screenshots_fortune_america/vulcanmaterials,C:/Users/thoma/Documents/Thesis_new/Thesis/Data acqusition/Screenshots_Fortune_america/vulcanmaterials.png,False,[]
C:/users/thoma/documents/thesis_new/thesis/data acqusition/screenshots_fortune_america/wabteccorp,C:/Users/thoma/Documents/Thesis_new/Thesis/Data acqusition/Screenshots_Fortune_america/wabteccorp.png,False,[]
C:/users/thoma/documents/thesis_new/thesis/data acqusition/screenshots_fortune_america/walgreensbootsalliance,C:/Users/thoma/Documents/Thesis_new/Thesis/Data acqusition/Screenshots_Fortune_america/walgreensbootsalliance.png,False,[]
C:/users/thoma/documents/thesis_new/thesis/data acqusition/screenshots_fortune_america/walmart,C:/Users/thoma/Documents/Thesis_new/Thesis/Data acqusition/Screenshots_Fortune_america/walmart.png,False,[]
C:/users/thoma/documents/thesis_new/thesis/data acqusition/screenshots_fortune_america/watsco,C:/Users/thoma/Documents/Thesis_new/Thesis/Data acqusition/Screenshots_Fortune_america/watsco.png,True,['Sneaking']
C:/users/thoma/documents/thesis_new/thesis/data acqusition/screenshots_fortune_america/wayfair,C:/Users/thoma/Documents/Thesis_new/Thesis/Data acqusition/Screenshots_Fortune_america/wayfair.png,False,[]
C:/users/thoma/documents/thesis_new/thesis/data acqusition/screenshots_fortune_america/wellsfargo,C:/Users/thoma/Documents/Thesis_new/Thesis/Data acqusition/Screenshots_Fortune_america/wellsfargo.png,False,[]
C:/users/thoma/documents/thesis_new/thesis/data acqusition/screenshots_fortune_america/wesco,C:/Users/thoma/Documents/Thesis_new/Thesis/Data acqusition/Screenshots_Fortune_america/wesco.png,False,[]
C:/users/thoma/documents/thesis_new/thesis/data acqusition/screenshots_fortune_america/westerndigital,C:/Users/thoma/Documents/Thesis_new/Thesis/Data acqusition/Screenshots_Fortune_america/westerndigital.png,True,['Obstruction']
C:/users/thoma/documents/thesis_new/thesis/data acqusition/screenshots_fortune_america/westernsouthern,C:/Users/thoma/Documents/Thesis_new/Thesis/Data acqusition/Screenshots_Fortune_america/westernsouthern.png,False,[]
C:/users/thoma/documents/thesis_new/thesis/data acqusition/screenshots_fortune_america/westlake,C:/Users/thoma/Documents/Thesis_new/Thesis/Data acqusition/Screenshots_Fortune_america/westlake.png,False,[]
C:/users/thoma/documents/thesis_new/thesis/data acqusition/screenshots_fortune_america/westrock,C:/Users/thoma/Documents/Thesis_new/Thesis/Data acqusition/Screenshots_Fortune_america/westrock.png,True,['Sneaking']
C:/users/thoma/documents/thesis_new/thesis/data acqusition/screenshots_fortune_america/weyerhaeuser,C:/Users/thoma/Documents/Thesis_new/Thesis/Data acqusition/Screenshots_Fortune_america/weyerhaeuser.png,False,[]
C:/users/thoma/documents/thesis_new/thesis/data acqusition/screenshots_fortune_america/whirlpoolcorp,C:/Users/thoma/Documents/Thesis_new/Thesis/Data acqusition/Screenshots_Fortune_america/whirlpoolcorp.png,False,[]
C:/users/thoma/documents/thesis_new/thesis/data acqusition/screenshots_fortune_america/williams-sonoma,C:/Users/thoma/Documents/Thesis_new/Thesis/Data acqusition/Screenshots_Fortune_america/williams-sonoma.png,False,[]
C:/users/thoma/documents/thesis_new/thesis/data acqusition/screenshots_fortune_america/williamsf1,C:/Users/thoma/Documents/Thesis_new/Thesis/Data acqusition/Screenshots_Fortune_america/williamsf1.png,True,['Interference']
C:/users/thoma/documents/thesis_new/thesis/data acqusition/screenshots_fortune_america/world-kinect,C:/Users/thoma/Documents/Thesis_new/Thesis/Data acqusition/Screenshots_Fortune_america/world-kinect.png,False,[]
C:/users/thoma/documents/thesis_new/thesis/data acqusition/screenshots_fortune_america/xcelenergy,C:/Users/thoma/Documents/Thesis_new/Thesis/Data acqusition/Screenshots_Fortune_america/xcelenergy.png,False,[]
C:/users/thoma/documents/thesis_new/thesis/data acqusition/screenshots_fortune_america/xpo,C:/Users/thoma/Documents/Thesis_new/Thesis/Data acqusition/Screenshots_Fortune_america/xpo.png,True,['Interference']
C:/users/thoma/documents/thesis_new/thesis/data acqusition/screenshots_fortune_america/yumchina,C:/Users/thoma/Documents/Thesis_new/Thesis/Data acqusition/Screenshots_Fortune_america/yumchina.png,False,[]
C:/users/thoma/documents/thesis_new/thesis/data acqusition/screenshots_fortune_america/zoetis,C:/Users/thoma/Documents/Thesis_new/Thesis/Data acqusition/Screenshots_Fortune_america/zoetis.png,True,[]
